Date,SKU,Units_Sold,Baseline_Forecast,Lag_2,Lag_3,Rolling_4_Weeks,Model_Forecast
2024-02-04,SKU001,119,89.0,117.0,85.0,102.5,114.75
2024-02-04,SKU002,68,62.0,57.0,61.0,62.0,66.4
2024-02-04,SKU003,40,43.0,32.0,32.0,36.75,40.13
2024-02-04,SKU004,43,33.0,38.0,25.0,34.75,41.45
2024-02-04,SKU005,129,102.0,108.0,116.0,113.75,127.2
2024-02-04,SKU006,49,39.0,43.0,34.0,41.25,47.82
2024-02-04,SKU007,171,176.0,189.0,178.0,178.5,174.82
2024-02-04,SKU008,114,108.0,118.0,137.0,119.25,113.66
2024-02-04,SKU009,103,80.0,73.0,66.0,80.5,97.18
2024-02-04,SKU010,129,115.0,115.0,108.0,116.75,127.03
2024-02-04,SKU011,21,15.0,14.0,20.0,17.5,20.66
2024-02-04,SKU012,186,185.0,178.0,176.0,181.25,184.95
2024-02-04,SKU013,98,97.0,105.0,99.0,99.75,98.19
2024-02-04,SKU014,138,132.0,145.0,152.0,141.75,137.78
2024-02-04,SKU015,35,27.0,30.0,27.0,29.75,33.33
2024-02-04,SKU016,96,103.0,88.0,104.0,97.75,95.82
2024-02-04,SKU017,89,94.0,88.0,84.0,88.75,88.6
2024-02-04,SKU018,162,188.0,153.0,175.0,169.5,167.05
2024-02-04,SKU019,136,107.0,103.0,115.0,115.25,131.68
2024-02-04,SKU020,94,92.0,100.0,102.0,97.0,94.1
2024-02-04,SKU021,71,50.0,51.0,65.0,59.25,69.77
2024-02-04,SKU022,57,74.0,74.0,72.0,69.25,58.93
2024-02-04,SKU023,126,100.0,97.0,83.0,101.5,121.33
2024-02-04,SKU024,100,87.0,95.0,81.0,90.75,98.2
2024-02-04,SKU025,18,24.0,16.0,21.0,19.75,18.64
2024-02-04,SKU026,158,150.0,152.0,156.0,154.0,157.09
2024-02-04,SKU027,182,145.0,170.0,170.0,166.75,179.03
2024-02-04,SKU028,40,34.0,39.0,35.0,37.0,39.89
2024-02-04,SKU029,109,94.0,93.0,120.0,104.0,108.7
2024-02-04,SKU030,29,28.0,23.0,41.0,30.25,29.68
2024-02-04,SKU031,138,144.0,132.0,107.0,130.25,136.8
2024-02-04,SKU032,64,70.0,72.0,66.0,68.0,64.97
2024-02-04,SKU033,123,127.0,132.0,133.0,128.75,123.03
2024-02-04,SKU034,153,126.0,137.0,146.0,140.5,149.81
2024-02-04,SKU035,154,139.0,154.0,159.0,151.5,153.73
2024-02-04,SKU036,46,39.0,40.0,28.0,38.25,45.23
2024-02-04,SKU037,155,185.0,169.0,160.0,167.25,158.05
2024-02-04,SKU038,58,39.0,50.0,62.0,52.25,56.15
2024-02-04,SKU039,27,20.0,16.0,16.0,19.75,26.22
2024-02-04,SKU040,118,92.0,105.0,116.0,107.75,115.74
2024-02-04,SKU041,83,82.0,66.0,80.0,77.75,82.43
2024-02-04,SKU042,157,155.0,136.0,157.0,151.25,156.57
2024-02-04,SKU043,173,166.0,140.0,141.0,155.0,168.07
2024-02-04,SKU044,76,64.0,71.0,83.0,73.5,75.42
2024-02-04,SKU045,191,169.0,160.0,157.0,169.25,188.28
2024-02-04,SKU046,73,50.0,52.0,45.0,55.0,70.88
2024-02-04,SKU047,104,96.0,118.0,89.0,101.75,104.94
2024-02-04,SKU048,52,42.0,52.0,51.0,49.25,50.52
2024-02-04,SKU049,178,181.0,184.0,178.0,180.25,178.44
2024-02-04,SKU050,42,37.0,25.0,40.0,36.0,40.7
2024-02-11,SKU001,112,119.0,89.0,117.0,109.25,113.08
2024-02-11,SKU002,72,68.0,62.0,57.0,64.75,70.46
2024-02-11,SKU003,46,40.0,43.0,32.0,40.25,45.21
2024-02-11,SKU004,34,43.0,33.0,38.0,37.0,33.92
2024-02-11,SKU005,135,129.0,102.0,108.0,118.5,133.76
2024-02-11,SKU006,50,49.0,39.0,43.0,45.25,49.11
2024-02-11,SKU007,163,171.0,176.0,189.0,174.75,165.94
2024-02-11,SKU008,113,114.0,108.0,118.0,113.25,113.29
2024-02-11,SKU009,85,103.0,80.0,73.0,85.25,84.7
2024-02-11,SKU010,136,129.0,115.0,115.0,123.75,133.65
2024-02-11,SKU011,14,21.0,15.0,14.0,16.0,14.06
2024-02-11,SKU012,206,186.0,185.0,178.0,188.75,203.71
2024-02-11,SKU013,117,98.0,97.0,105.0,104.25,115.85
2024-02-11,SKU014,165,138.0,132.0,145.0,145.0,161.38
2024-02-11,SKU015,46,35.0,27.0,30.0,34.5,43.74
2024-02-11,SKU016,96,96.0,103.0,88.0,95.75,96.23
2024-02-11,SKU017,96,89.0,94.0,88.0,91.75,95.74
2024-02-11,SKU018,171,162.0,188.0,153.0,168.5,170.0
2024-02-11,SKU019,119,136.0,107.0,103.0,116.25,116.62
2024-02-11,SKU020,118,94.0,92.0,100.0,101.0,115.54
2024-02-11,SKU021,54,71.0,50.0,51.0,56.5,55.71
2024-02-11,SKU022,87,57.0,74.0,74.0,73.0,82.85
2024-02-11,SKU023,126,126.0,100.0,97.0,112.25,124.26
2024-02-11,SKU024,106,100.0,87.0,95.0,97.0,105.3
2024-02-11,SKU025,19,18.0,24.0,16.0,19.25,18.13
2024-02-11,SKU026,195,158.0,150.0,152.0,163.75,192.25
2024-02-11,SKU027,188,182.0,145.0,170.0,171.25,186.05
2024-02-11,SKU028,37,40.0,34.0,39.0,37.5,37.21
2024-02-11,SKU029,102,109.0,94.0,93.0,99.5,101.9
2024-02-11,SKU030,30,29.0,28.0,23.0,27.5,29.33
2024-02-11,SKU031,137,138.0,144.0,132.0,137.75,135.92
2024-02-11,SKU032,89,64.0,70.0,72.0,73.75,84.53
2024-02-11,SKU033,144,123.0,127.0,132.0,131.5,143.03
2024-02-11,SKU034,160,153.0,126.0,137.0,144.0,160.98
2024-02-11,SKU035,153,154.0,139.0,154.0,150.0,153.33
2024-02-11,SKU036,29,46.0,39.0,40.0,38.5,30.14
2024-02-11,SKU037,171,155.0,185.0,169.0,170.0,170.3
2024-02-11,SKU038,48,58.0,39.0,50.0,48.75,48.76
2024-02-11,SKU039,21,27.0,20.0,16.0,21.0,20.97
2024-02-11,SKU040,117,118.0,92.0,105.0,108.0,117.07
2024-02-11,SKU041,76,83.0,82.0,66.0,76.75,74.17
2024-02-11,SKU042,165,157.0,155.0,136.0,153.25,163.77
2024-02-11,SKU043,177,173.0,166.0,140.0,164.0,175.62
2024-02-11,SKU044,65,76.0,64.0,71.0,69.0,64.79
2024-02-11,SKU045,204,191.0,169.0,160.0,181.0,200.25
2024-02-11,SKU046,69,73.0,50.0,52.0,61.0,66.11
2024-02-11,SKU047,113,104.0,96.0,118.0,107.75,112.45
2024-02-11,SKU048,61,52.0,42.0,52.0,51.75,58.53
2024-02-11,SKU049,191,178.0,181.0,184.0,183.5,189.52
2024-02-11,SKU050,38,42.0,37.0,25.0,35.5,38.22
2024-02-18,SKU001,104,112.0,119.0,89.0,106.0,104.39
2024-02-18,SKU002,65,72.0,68.0,62.0,66.75,65.01
2024-02-18,SKU003,34,46.0,40.0,43.0,40.75,34.84
2024-02-18,SKU004,35,34.0,43.0,33.0,36.25,34.93
2024-02-18,SKU005,144,135.0,129.0,102.0,127.5,141.32
2024-02-18,SKU006,52,50.0,49.0,39.0,47.5,51.83
2024-02-18,SKU007,195,163.0,171.0,176.0,176.25,191.32
2024-02-18,SKU008,107,113.0,114.0,108.0,110.5,108.57
2024-02-18,SKU009,79,85.0,103.0,80.0,86.75,82.07
2024-02-18,SKU010,133,136.0,129.0,115.0,128.25,133.22
2024-02-18,SKU011,20,14.0,21.0,15.0,17.5,19.6
2024-02-18,SKU012,192,206.0,186.0,185.0,192.25,195.04
2024-02-18,SKU013,111,117.0,98.0,97.0,105.75,110.32
2024-02-18,SKU014,169,165.0,138.0,132.0,151.0,164.01
2024-02-18,SKU015,29,46.0,35.0,27.0,34.25,30.33
2024-02-18,SKU016,101,96.0,96.0,103.0,99.0,99.55
2024-02-18,SKU017,99,96.0,89.0,94.0,94.5,98.44
2024-02-18,SKU018,178,171.0,162.0,188.0,174.75,178.29
2024-02-18,SKU019,117,119.0,136.0,107.0,119.75,117.97
2024-02-18,SKU020,114,118.0,94.0,92.0,104.5,112.81
2024-02-18,SKU021,67,54.0,71.0,50.0,60.5,65.35
2024-02-18,SKU022,80,87.0,57.0,74.0,74.5,78.06
2024-02-18,SKU023,109,126.0,126.0,100.0,115.25,109.19
2024-02-18,SKU024,84,106.0,100.0,87.0,94.25,84.98
2024-02-18,SKU025,18,19.0,18.0,24.0,19.75,19.18
2024-02-18,SKU026,169,195.0,158.0,150.0,168.0,168.85
2024-02-18,SKU027,177,188.0,182.0,145.0,173.0,176.28
2024-02-18,SKU028,43,37.0,40.0,34.0,38.5,42.66
2024-02-18,SKU029,114,102.0,109.0,94.0,104.75,112.63
2024-02-18,SKU030,36,30.0,29.0,28.0,30.75,35.24
2024-02-18,SKU031,137,137.0,138.0,144.0,139.0,138.09
2024-02-18,SKU032,69,89.0,64.0,70.0,73.0,70.22
2024-02-18,SKU033,105,144.0,123.0,127.0,124.75,109.39
2024-02-18,SKU034,142,160.0,153.0,126.0,145.25,141.84
2024-02-18,SKU035,165,153.0,154.0,139.0,152.75,163.87
2024-02-18,SKU036,41,29.0,46.0,39.0,38.75,40.11
2024-02-18,SKU037,189,171.0,155.0,185.0,175.0,185.69
2024-02-18,SKU038,56,48.0,58.0,39.0,50.25,54.69
2024-02-18,SKU039,28,21.0,27.0,20.0,24.0,27.31
2024-02-18,SKU040,122,117.0,118.0,92.0,112.25,119.54
2024-02-18,SKU041,77,76.0,83.0,82.0,79.5,77.9
2024-02-18,SKU042,148,165.0,157.0,155.0,156.25,147.64
2024-02-18,SKU043,152,177.0,173.0,166.0,167.0,153.0
2024-02-18,SKU044,77,65.0,76.0,64.0,70.5,76.7
2024-02-18,SKU045,189,204.0,191.0,169.0,188.25,189.02
2024-02-18,SKU046,73,69.0,73.0,50.0,66.25,71.45
2024-02-18,SKU047,124,113.0,104.0,96.0,109.25,122.96
2024-02-18,SKU048,54,61.0,52.0,42.0,52.25,53.16
2024-02-18,SKU049,194,191.0,178.0,181.0,186.0,192.78
2024-02-18,SKU050,33,38.0,42.0,37.0,37.5,33.51
2024-02-25,SKU001,120,104.0,112.0,119.0,113.75,118.97
2024-02-25,SKU002,64,65.0,72.0,68.0,67.25,64.26
2024-02-25,SKU003,44,34.0,46.0,40.0,41.0,44.12
2024-02-25,SKU004,22,35.0,34.0,43.0,33.5,23.81
2024-02-25,SKU005,124,144.0,135.0,129.0,133.0,125.1
2024-02-25,SKU006,50,52.0,50.0,49.0,50.25,49.08
2024-02-25,SKU007,173,195.0,163.0,171.0,175.5,174.55
2024-02-25,SKU008,118,107.0,113.0,114.0,113.0,117.61
2024-02-25,SKU009,80,79.0,85.0,103.0,86.75,81.78
2024-02-25,SKU010,146,133.0,136.0,129.0,136.0,141.17
2024-02-25,SKU011,28,20.0,14.0,21.0,20.75,25.91
2024-02-25,SKU012,190,192.0,206.0,186.0,193.5,190.58
2024-02-25,SKU013,94,111.0,117.0,98.0,105.0,96.32
2024-02-25,SKU014,147,169.0,165.0,138.0,154.75,150.01
2024-02-25,SKU015,35,29.0,46.0,35.0,36.25,35.59
2024-02-25,SKU016,97,101.0,96.0,96.0,97.5,98.46
2024-02-25,SKU017,80,99.0,96.0,89.0,91.0,83.77
2024-02-25,SKU018,205,178.0,171.0,162.0,179.0,200.15
2024-02-25,SKU019,117,117.0,119.0,136.0,122.25,118.64
2024-02-25,SKU020,108,114.0,118.0,94.0,108.5,108.5
2024-02-25,SKU021,71,67.0,54.0,71.0,65.75,69.62
2024-02-25,SKU022,69,80.0,87.0,57.0,73.25,69.54
2024-02-25,SKU023,99,109.0,126.0,126.0,115.0,101.53
2024-02-25,SKU024,90,84.0,106.0,100.0,95.0,90.29
2024-02-25,SKU025,23,18.0,19.0,18.0,19.5,21.7
2024-02-25,SKU026,171,169.0,195.0,158.0,173.25,169.35
2024-02-25,SKU027,158,177.0,188.0,182.0,176.25,163.6
2024-02-25,SKU028,34,43.0,37.0,40.0,38.5,34.46
2024-02-25,SKU029,112,114.0,102.0,109.0,109.25,112.52
2024-02-25,SKU030,42,36.0,30.0,29.0,34.25,40.27
2024-02-25,SKU031,150,137.0,137.0,138.0,140.5,148.51
2024-02-25,SKU032,77,69.0,89.0,64.0,74.75,75.7
2024-02-25,SKU033,125,105.0,144.0,123.0,124.25,125.28
2024-02-25,SKU034,132,142.0,160.0,153.0,146.75,134.25
2024-02-25,SKU035,163,165.0,153.0,154.0,158.75,162.33
2024-02-25,SKU036,33,41.0,29.0,46.0,37.25,33.89
2024-02-25,SKU037,188,189.0,171.0,155.0,175.75,184.78
2024-02-25,SKU038,55,56.0,48.0,58.0,54.25,55.79
2024-02-25,SKU039,30,28.0,21.0,27.0,26.5,30.09
2024-02-25,SKU040,110,122.0,117.0,118.0,116.75,109.91
2024-02-25,SKU041,72,77.0,76.0,83.0,77.0,73.07
2024-02-25,SKU042,162,148.0,165.0,157.0,158.0,162.69
2024-02-25,SKU043,168,152.0,177.0,173.0,167.5,165.31
2024-02-25,SKU044,70,77.0,65.0,76.0,72.0,71.33
2024-02-25,SKU045,181,189.0,204.0,191.0,191.25,182.06
2024-02-25,SKU046,66,73.0,69.0,73.0,70.25,65.71
2024-02-25,SKU047,99,124.0,113.0,104.0,110.0,102.14
2024-02-25,SKU048,64,54.0,61.0,52.0,57.75,63.11
2024-02-25,SKU049,186,194.0,191.0,178.0,187.25,186.19
2024-02-25,SKU050,35,33.0,38.0,42.0,37.0,35.1
2024-03-03,SKU001,103,120.0,104.0,112.0,109.75,103.83
2024-03-03,SKU002,74,64.0,65.0,72.0,68.75,73.84
2024-03-03,SKU003,52,44.0,34.0,46.0,44.0,51.57
2024-03-03,SKU004,45,22.0,35.0,34.0,34.0,42.86
2024-03-03,SKU005,134,124.0,144.0,135.0,134.25,133.84
2024-03-03,SKU006,56,50.0,52.0,50.0,52.0,55.05
2024-03-03,SKU007,201,173.0,195.0,163.0,183.0,193.12
2024-03-03,SKU008,131,118.0,107.0,113.0,117.25,128.95
2024-03-03,SKU009,92,80.0,79.0,85.0,84.0,91.8
2024-03-03,SKU010,145,146.0,133.0,136.0,140.0,145.1
2024-03-03,SKU011,23,28.0,20.0,14.0,21.25,22.5
2024-03-03,SKU012,229,190.0,192.0,206.0,204.25,224.42
2024-03-03,SKU013,130,94.0,111.0,117.0,113.0,125.99
2024-03-03,SKU014,188,147.0,169.0,165.0,167.25,183.63
2024-03-03,SKU015,26,35.0,29.0,46.0,34.0,27.7
2024-03-03,SKU016,115,97.0,101.0,96.0,102.25,112.83
2024-03-03,SKU017,121,80.0,99.0,96.0,99.0,114.84
2024-03-03,SKU018,195,205.0,178.0,171.0,187.25,195.78
2024-03-03,SKU019,132,117.0,117.0,119.0,121.25,131.47
2024-03-03,SKU020,117,108.0,114.0,118.0,114.25,116.38
2024-03-03,SKU021,68,71.0,67.0,54.0,65.0,67.74
2024-03-03,SKU022,96,69.0,80.0,87.0,83.0,93.56
2024-03-03,SKU023,114,99.0,109.0,126.0,112.0,113.68
2024-03-03,SKU024,114,90.0,84.0,106.0,98.5,109.82
2024-03-03,SKU025,25,23.0,18.0,19.0,21.25,23.56
2024-03-03,SKU026,161,171.0,169.0,195.0,174.0,163.69
2024-03-03,SKU027,188,158.0,177.0,188.0,177.75,187.27
2024-03-03,SKU028,44,34.0,43.0,37.0,39.5,41.83
2024-03-03,SKU029,115,112.0,114.0,102.0,110.75,114.8
2024-03-03,SKU030,43,42.0,36.0,30.0,37.75,42.9
2024-03-03,SKU031,136,150.0,137.0,137.0,140.0,136.63
2024-03-03,SKU032,93,77.0,69.0,89.0,82.0,91.01
2024-03-03,SKU033,125,125.0,105.0,144.0,124.75,123.86
2024-03-03,SKU034,155,132.0,142.0,160.0,147.25,152.41
2024-03-03,SKU035,173,163.0,165.0,153.0,163.5,173.77
2024-03-03,SKU036,47,33.0,41.0,29.0,37.5,46.52
2024-03-03,SKU037,194,188.0,189.0,171.0,185.5,195.85
2024-03-03,SKU038,54,55.0,56.0,48.0,53.25,52.96
2024-03-03,SKU039,25,30.0,28.0,21.0,26.0,24.84
2024-03-03,SKU040,137,110.0,122.0,117.0,121.5,133.01
2024-03-03,SKU041,94,72.0,77.0,76.0,79.75,92.42
2024-03-03,SKU042,208,162.0,148.0,165.0,170.75,201.8
2024-03-03,SKU043,182,168.0,152.0,177.0,169.75,179.33
2024-03-03,SKU044,89,70.0,77.0,65.0,75.25,85.35
2024-03-03,SKU045,223,181.0,189.0,204.0,199.25,219.41
2024-03-03,SKU046,69,66.0,73.0,69.0,69.25,69.45
2024-03-03,SKU047,105,99.0,124.0,113.0,110.25,104.91
2024-03-03,SKU048,73,64.0,54.0,61.0,63.0,73.06
2024-03-03,SKU049,192,186.0,194.0,191.0,190.75,189.77
2024-03-03,SKU050,57,35.0,33.0,38.0,40.75,54.06
2024-03-10,SKU001,119,103.0,120.0,104.0,111.5,116.4
2024-03-10,SKU002,69,74.0,64.0,65.0,68.0,68.81
2024-03-10,SKU003,66,52.0,44.0,34.0,49.0,61.55
2024-03-10,SKU004,40,45.0,22.0,35.0,35.5,37.75
2024-03-10,SKU005,147,134.0,124.0,144.0,137.25,144.08
2024-03-10,SKU006,76,56.0,50.0,52.0,58.5,71.84
2024-03-10,SKU007,195,201.0,173.0,195.0,191.0,196.64
2024-03-10,SKU008,132,131.0,118.0,107.0,122.0,129.72
2024-03-10,SKU009,86,92.0,80.0,79.0,84.25,87.12
2024-03-10,SKU010,154,145.0,146.0,133.0,144.5,152.96
2024-03-10,SKU011,21,23.0,28.0,20.0,23.0,21.07
2024-03-10,SKU012,205,229.0,190.0,192.0,204.0,206.68
2024-03-10,SKU013,120,130.0,94.0,111.0,113.75,118.19
2024-03-10,SKU014,185,188.0,147.0,169.0,172.25,184.65
2024-03-10,SKU015,43,26.0,35.0,29.0,33.25,40.83
2024-03-10,SKU016,110,115.0,97.0,101.0,105.75,109.21
2024-03-10,SKU017,130,121.0,80.0,99.0,107.5,122.87
2024-03-10,SKU018,206,195.0,205.0,178.0,196.0,205.29
2024-03-10,SKU019,132,132.0,117.0,117.0,124.5,130.56
2024-03-10,SKU020,120,117.0,108.0,114.0,114.75,118.3
2024-03-10,SKU021,79,68.0,71.0,67.0,71.25,78.35
2024-03-10,SKU022,73,96.0,69.0,80.0,79.5,74.75
2024-03-10,SKU023,136,114.0,99.0,109.0,114.5,132.51
2024-03-10,SKU024,115,114.0,90.0,84.0,100.75,113.49
2024-03-10,SKU025,22,25.0,23.0,18.0,22.0,21.54
2024-03-10,SKU026,189,161.0,171.0,169.0,172.5,184.48
2024-03-10,SKU027,212,188.0,158.0,177.0,183.75,207.15
2024-03-10,SKU028,54,44.0,34.0,43.0,43.75,52.35
2024-03-10,SKU029,131,115.0,112.0,114.0,118.0,131.99
2024-03-10,SKU030,22,43.0,42.0,36.0,35.75,24.71
2024-03-10,SKU031,163,136.0,150.0,137.0,146.5,161.43
2024-03-10,SKU032,68,93.0,77.0,69.0,76.75,69.99
2024-03-10,SKU033,149,125.0,125.0,105.0,126.0,143.3
2024-03-10,SKU034,163,155.0,132.0,142.0,148.0,159.93
2024-03-10,SKU035,177,173.0,163.0,165.0,169.5,176.58
2024-03-10,SKU036,53,47.0,33.0,41.0,43.5,51.3
2024-03-10,SKU037,213,194.0,188.0,189.0,196.0,209.89
2024-03-10,SKU038,68,54.0,55.0,56.0,58.25,66.24
2024-03-10,SKU039,24,25.0,30.0,28.0,26.75,23.65
2024-03-10,SKU040,114,137.0,110.0,122.0,120.75,116.0
2024-03-10,SKU041,91,94.0,72.0,77.0,83.5,90.42
2024-03-10,SKU042,182,208.0,162.0,148.0,175.0,181.63
2024-03-10,SKU043,175,182.0,168.0,152.0,169.25,174.66
2024-03-10,SKU044,69,89.0,70.0,77.0,76.25,70.78
2024-03-10,SKU045,212,223.0,181.0,189.0,201.25,209.01
2024-03-10,SKU046,90,69.0,66.0,73.0,74.5,88.32
2024-03-10,SKU047,149,105.0,99.0,124.0,119.25,142.38
2024-03-10,SKU048,65,73.0,64.0,54.0,64.0,64.38
2024-03-10,SKU049,207,192.0,186.0,194.0,194.75,205.6
2024-03-10,SKU050,49,57.0,35.0,33.0,43.5,48.2
2024-03-17,SKU001,122,119.0,103.0,120.0,116.0,120.08
2024-03-17,SKU002,103,69.0,74.0,64.0,77.5,98.45
2024-03-17,SKU003,46,66.0,52.0,44.0,52.0,47.64
2024-03-17,SKU004,41,40.0,45.0,22.0,37.0,39.89
2024-03-17,SKU005,144,147.0,134.0,124.0,137.25,141.17
2024-03-17,SKU006,50,76.0,56.0,50.0,58.0,51.42
2024-03-17,SKU007,212,195.0,201.0,173.0,195.25,208.76
2024-03-17,SKU008,147,132.0,131.0,118.0,132.0,145.19
2024-03-17,SKU009,101,86.0,92.0,80.0,89.75,100.06
2024-03-17,SKU010,138,154.0,145.0,146.0,145.75,139.38
2024-03-17,SKU011,24,21.0,23.0,28.0,24.0,24.17
2024-03-17,SKU012,206,205.0,229.0,190.0,207.5,205.44
2024-03-17,SKU013,137,120.0,130.0,94.0,120.25,131.67
2024-03-17,SKU014,194,185.0,188.0,147.0,178.5,191.75
2024-03-17,SKU015,42,43.0,26.0,35.0,36.5,40.37
2024-03-17,SKU016,133,110.0,115.0,97.0,113.75,130.58
2024-03-17,SKU017,115,130.0,121.0,80.0,111.5,112.18
2024-03-17,SKU018,223,206.0,195.0,205.0,207.25,220.36
2024-03-17,SKU019,137,132.0,132.0,117.0,129.5,136.19
2024-03-17,SKU020,123,120.0,117.0,108.0,117.0,122.12
2024-03-17,SKU021,77,79.0,68.0,71.0,73.75,77.05
2024-03-17,SKU022,97,73.0,96.0,69.0,83.75,95.13
2024-03-17,SKU023,137,136.0,114.0,99.0,121.5,134.79
2024-03-17,SKU024,118,115.0,114.0,90.0,109.25,117.29
2024-03-17,SKU025,21,22.0,25.0,23.0,22.75,21.38
2024-03-17,SKU026,222,189.0,161.0,171.0,185.75,214.51
2024-03-17,SKU027,214,212.0,188.0,158.0,193.0,207.41
2024-03-17,SKU028,43,54.0,44.0,34.0,43.75,43.69
2024-03-17,SKU029,133,131.0,115.0,112.0,122.75,132.52
2024-03-17,SKU030,38,22.0,43.0,42.0,36.25,37.9
2024-03-17,SKU031,167,163.0,136.0,150.0,154.0,166.04
2024-03-17,SKU032,78,68.0,93.0,77.0,79.0,78.11
2024-03-17,SKU033,160,149.0,125.0,125.0,139.75,157.39
2024-03-17,SKU034,161,163.0,155.0,132.0,152.75,159.46
2024-03-17,SKU035,177,177.0,173.0,163.0,172.5,176.97
2024-03-17,SKU036,33,53.0,47.0,33.0,41.5,35.26
2024-03-17,SKU037,221,213.0,194.0,188.0,204.0,215.15
2024-03-17,SKU038,70,68.0,54.0,55.0,61.75,68.42
2024-03-17,SKU039,34,24.0,25.0,30.0,28.25,32.48
2024-03-17,SKU040,140,114.0,137.0,110.0,125.25,135.52
2024-03-17,SKU041,101,91.0,94.0,72.0,89.5,98.0
2024-03-17,SKU042,181,182.0,208.0,162.0,183.25,181.1
2024-03-17,SKU043,175,175.0,182.0,168.0,175.0,175.23
2024-03-17,SKU044,94,69.0,89.0,70.0,80.5,91.12
2024-03-17,SKU045,200,212.0,223.0,181.0,204.0,199.41
2024-03-17,SKU046,93,90.0,69.0,66.0,79.5,88.04
2024-03-17,SKU047,132,149.0,105.0,99.0,121.25,132.26
2024-03-17,SKU048,76,65.0,73.0,64.0,69.5,76.03
2024-03-17,SKU049,190,207.0,192.0,186.0,193.75,189.43
2024-03-17,SKU050,55,49.0,57.0,35.0,49.0,54.33
2024-03-24,SKU001,130,122.0,119.0,103.0,118.5,128.52
2024-03-24,SKU002,89,103.0,69.0,74.0,83.75,87.95
2024-03-24,SKU003,48,46.0,66.0,52.0,53.0,47.43
2024-03-24,SKU004,36,41.0,40.0,45.0,40.5,36.79
2024-03-24,SKU005,151,144.0,147.0,134.0,144.0,150.21
2024-03-24,SKU006,55,50.0,76.0,56.0,59.25,55.87
2024-03-24,SKU007,223,212.0,195.0,201.0,207.75,220.62
2024-03-24,SKU008,144,147.0,132.0,131.0,138.5,144.8
2024-03-24,SKU009,95,101.0,86.0,92.0,93.5,95.84
2024-03-24,SKU010,141,138.0,154.0,145.0,144.5,141.95
2024-03-24,SKU011,25,24.0,21.0,23.0,23.25,23.29
2024-03-24,SKU012,210,206.0,205.0,229.0,212.5,212.39
2024-03-24,SKU013,138,137.0,120.0,130.0,131.25,136.24
2024-03-24,SKU014,193,194.0,185.0,188.0,190.0,195.23
2024-03-24,SKU015,41,42.0,43.0,26.0,38.0,40.8
2024-03-24,SKU016,122,133.0,110.0,115.0,120.0,123.39
2024-03-24,SKU017,109,115.0,130.0,121.0,118.75,108.61
2024-03-24,SKU018,227,223.0,206.0,195.0,212.75,225.91
2024-03-24,SKU019,136,137.0,132.0,132.0,134.25,135.49
2024-03-24,SKU020,119,123.0,120.0,117.0,119.75,117.45
2024-03-24,SKU021,59,77.0,79.0,68.0,70.75,59.55
2024-03-24,SKU022,75,97.0,73.0,96.0,85.25,77.12
2024-03-24,SKU023,99,137.0,136.0,114.0,121.5,104.83
2024-03-24,SKU024,111,118.0,115.0,114.0,114.5,111.97
2024-03-24,SKU025,27,21.0,22.0,25.0,23.75,26.45
2024-03-24,SKU026,202,222.0,189.0,161.0,193.5,202.42
2024-03-24,SKU027,195,214.0,212.0,188.0,202.25,199.03
2024-03-24,SKU028,47,43.0,54.0,44.0,47.0,48.38
2024-03-24,SKU029,142,133.0,131.0,115.0,130.25,141.82
2024-03-24,SKU030,43,38.0,22.0,43.0,36.5,42.81
2024-03-24,SKU031,166,167.0,163.0,136.0,158.0,164.71
2024-03-24,SKU032,85,78.0,68.0,93.0,81.0,84.4
2024-03-24,SKU033,151,160.0,149.0,125.0,146.25,149.7
2024-03-24,SKU034,171,161.0,163.0,155.0,162.5,171.4
2024-03-24,SKU035,185,177.0,177.0,173.0,178.0,184.0
2024-03-24,SKU036,49,33.0,53.0,47.0,45.5,47.28
2024-03-24,SKU037,197,221.0,213.0,194.0,206.25,198.63
2024-03-24,SKU038,64,70.0,68.0,54.0,64.0,64.27
2024-03-24,SKU039,27,34.0,24.0,25.0,27.5,27.55
2024-03-24,SKU040,173,140.0,114.0,137.0,141.0,164.08
2024-03-24,SKU041,110,101.0,91.0,94.0,99.0,108.02
2024-03-24,SKU042,189,181.0,182.0,208.0,190.0,186.93
2024-03-24,SKU043,171,175.0,175.0,182.0,175.75,171.16
2024-03-24,SKU044,78,94.0,69.0,89.0,82.5,79.7
2024-03-24,SKU045,223,200.0,212.0,223.0,214.5,218.96
2024-03-24,SKU046,86,93.0,90.0,69.0,84.5,85.71
2024-03-24,SKU047,135,132.0,149.0,105.0,130.25,133.67
2024-03-24,SKU048,70,76.0,65.0,73.0,71.0,68.42
2024-03-24,SKU049,228,190.0,207.0,192.0,204.25,224.03
2024-03-24,SKU050,51,55.0,49.0,57.0,53.0,51.01
2024-03-31,SKU001,102,130.0,122.0,119.0,118.25,104.86
2024-03-31,SKU002,106,89.0,103.0,69.0,91.75,99.9
2024-03-31,SKU003,49,48.0,46.0,66.0,52.25,50.47
2024-03-31,SKU004,27,36.0,41.0,40.0,36.0,28.18
2024-03-31,SKU005,126,151.0,144.0,147.0,142.0,128.48
2024-03-31,SKU006,53,55.0,50.0,76.0,58.5,55.38
2024-03-31,SKU007,192,223.0,212.0,195.0,205.5,194.34
2024-03-31,SKU008,128,144.0,147.0,132.0,137.75,129.94
2024-03-31,SKU009,88,95.0,101.0,86.0,92.5,89.42
2024-03-31,SKU010,162,141.0,138.0,154.0,148.75,157.59
2024-03-31,SKU011,16,25.0,24.0,21.0,21.5,16.9
2024-03-31,SKU012,231,210.0,206.0,205.0,213.0,226.84
2024-03-31,SKU013,108,138.0,137.0,120.0,125.75,113.56
2024-03-31,SKU014,193,193.0,194.0,185.0,191.25,191.45
2024-03-31,SKU015,34,41.0,42.0,43.0,40.0,33.82
2024-03-31,SKU016,98,122.0,133.0,110.0,115.75,99.78
2024-03-31,SKU017,114,109.0,115.0,130.0,117.0,115.58
2024-03-31,SKU018,221,227.0,223.0,206.0,219.25,217.91
2024-03-31,SKU019,135,136.0,137.0,132.0,135.0,134.32
2024-03-31,SKU020,104,119.0,123.0,120.0,116.5,102.64
2024-03-31,SKU021,65,59.0,77.0,79.0,70.0,66.79
2024-03-31,SKU022,93,75.0,97.0,73.0,84.5,92.52
2024-03-31,SKU023,117,99.0,137.0,136.0,122.25,118.56
2024-03-31,SKU024,117,111.0,118.0,115.0,115.25,115.19
2024-03-31,SKU025,31,27.0,21.0,22.0,25.25,29.89
2024-03-31,SKU026,179,202.0,222.0,189.0,198.0,183.88
2024-03-31,SKU027,195,195.0,214.0,212.0,204.0,196.76
2024-03-31,SKU028,56,47.0,43.0,54.0,50.0,55.4
2024-03-31,SKU029,125,142.0,133.0,131.0,132.75,125.22
2024-03-31,SKU030,36,43.0,38.0,22.0,34.75,34.87
2024-03-31,SKU031,150,166.0,167.0,163.0,161.5,152.76
2024-03-31,SKU032,71,85.0,78.0,68.0,75.5,71.13
2024-03-31,SKU033,162,151.0,160.0,149.0,155.5,159.1
2024-03-31,SKU034,167,171.0,161.0,163.0,165.5,167.82
2024-03-31,SKU035,176,185.0,177.0,177.0,178.75,177.36
2024-03-31,SKU036,41,49.0,33.0,53.0,44.0,42.6
2024-03-31,SKU037,203,197.0,221.0,213.0,208.5,201.33
2024-03-31,SKU038,67,64.0,70.0,68.0,67.25,66.98
2024-03-31,SKU039,22,27.0,34.0,24.0,26.75,22.28
2024-03-31,SKU040,147,173.0,140.0,114.0,143.5,143.9
2024-03-31,SKU041,115,110.0,101.0,91.0,104.25,113.54
2024-03-31,SKU042,196,189.0,181.0,182.0,187.0,196.28
2024-03-31,SKU043,177,171.0,175.0,175.0,174.5,175.83
2024-03-31,SKU044,88,78.0,94.0,69.0,82.25,86.93
2024-03-31,SKU045,218,223.0,200.0,212.0,213.25,218.42
2024-03-31,SKU046,80,86.0,93.0,90.0,87.25,80.7
2024-03-31,SKU047,123,135.0,132.0,149.0,134.75,125.09
2024-03-31,SKU048,79,70.0,76.0,65.0,72.5,77.8
2024-03-31,SKU049,221,228.0,190.0,207.0,211.5,217.8
2024-03-31,SKU050,60,51.0,55.0,49.0,53.75,60.53
2024-04-07,SKU001,122,102.0,130.0,122.0,119.0,120.86
2024-04-07,SKU002,79,106.0,89.0,103.0,94.25,83.58
2024-04-07,SKU003,48,49.0,48.0,46.0,47.75,48.44
2024-04-07,SKU004,35,27.0,36.0,41.0,34.75,34.87
2024-04-07,SKU005,138,126.0,151.0,144.0,139.75,139.76
2024-04-07,SKU006,68,53.0,55.0,50.0,56.5,65.75
2024-04-07,SKU007,199,192.0,223.0,212.0,206.5,199.77
2024-04-07,SKU008,128,128.0,144.0,147.0,136.75,129.77
2024-04-07,SKU009,82,88.0,95.0,101.0,91.5,83.95
2024-04-07,SKU010,124,162.0,141.0,138.0,141.25,127.59
2024-04-07,SKU011,20,16.0,25.0,24.0,21.25,20.1
2024-04-07,SKU012,223,231.0,210.0,206.0,217.5,220.64
2024-04-07,SKU013,114,108.0,138.0,137.0,124.25,115.63
2024-04-07,SKU014,174,193.0,193.0,194.0,188.5,177.06
2024-04-07,SKU015,29,34.0,41.0,42.0,36.5,29.91
2024-04-07,SKU016,109,98.0,122.0,133.0,115.5,107.23
2024-04-07,SKU017,125,114.0,109.0,115.0,115.75,124.09
2024-04-07,SKU018,197,221.0,227.0,223.0,217.0,201.06
2024-04-07,SKU019,151,135.0,136.0,137.0,139.75,148.55
2024-04-07,SKU020,97,104.0,119.0,123.0,110.75,97.98
2024-04-07,SKU021,54,65.0,59.0,77.0,63.75,56.27
2024-04-07,SKU022,82,93.0,75.0,97.0,86.75,83.9
2024-04-07,SKU023,122,117.0,99.0,137.0,118.75,120.41
2024-04-07,SKU024,95,117.0,111.0,118.0,110.25,97.16
2024-04-07,SKU025,24,31.0,27.0,21.0,25.75,23.99
2024-04-07,SKU026,159,179.0,202.0,222.0,190.5,161.85
2024-04-07,SKU027,200,195.0,195.0,214.0,201.0,201.18
2024-04-07,SKU028,47,56.0,47.0,43.0,48.25,47.88
2024-04-07,SKU029,117,125.0,142.0,133.0,129.25,118.96
2024-04-07,SKU030,45,36.0,43.0,38.0,40.5,45.06
2024-04-07,SKU031,158,150.0,166.0,167.0,160.25,156.7
2024-04-07,SKU032,75,71.0,85.0,78.0,77.25,75.81
2024-04-07,SKU033,164,162.0,151.0,160.0,159.25,163.6
2024-04-07,SKU034,179,167.0,171.0,161.0,169.5,178.99
2024-04-07,SKU035,165,176.0,185.0,177.0,175.75,166.22
2024-04-07,SKU036,49,41.0,49.0,33.0,43.0,46.69
2024-04-07,SKU037,184,203.0,197.0,221.0,201.25,188.6
2024-04-07,SKU038,45,67.0,64.0,70.0,61.5,48.06
2024-04-07,SKU039,30,22.0,27.0,34.0,28.25,28.45
2024-04-07,SKU040,109,147.0,173.0,140.0,142.25,116.5
2024-04-07,SKU041,95,115.0,110.0,101.0,105.25,95.74
2024-04-07,SKU042,193,196.0,189.0,181.0,189.75,192.79
2024-04-07,SKU043,172,177.0,171.0,175.0,173.75,172.96
2024-04-07,SKU044,81,88.0,78.0,94.0,85.25,81.51
2024-04-07,SKU045,186,218.0,223.0,200.0,206.75,189.82
2024-04-07,SKU046,75,80.0,86.0,93.0,83.5,76.67
2024-04-07,SKU047,123,123.0,135.0,132.0,128.25,123.12
2024-04-07,SKU048,59,79.0,70.0,76.0,71.0,61.27
2024-04-07,SKU049,219,221.0,228.0,190.0,214.5,221.29
2024-04-07,SKU050,41,60.0,51.0,55.0,51.75,43.72
2024-04-14,SKU001,115,122.0,102.0,130.0,117.25,115.72
2024-04-14,SKU002,76,79.0,106.0,89.0,87.5,76.73
2024-04-14,SKU003,47,48.0,49.0,48.0,48.0,46.74
2024-04-14,SKU004,30,35.0,27.0,36.0,32.0,29.82
2024-04-14,SKU005,113,138.0,126.0,151.0,132.0,116.13
2024-04-14,SKU006,61,68.0,53.0,55.0,59.25,60.48
2024-04-14,SKU007,222,199.0,192.0,223.0,209.0,217.78
2024-04-14,SKU008,128,128.0,128.0,144.0,132.0,128.82
2024-04-14,SKU009,106,82.0,88.0,95.0,92.75,103.99
2024-04-14,SKU010,141,124.0,162.0,141.0,142.0,139.38
2024-04-14,SKU011,22,20.0,16.0,25.0,20.75,21.91
2024-04-14,SKU012,211,223.0,231.0,210.0,218.75,209.39
2024-04-14,SKU013,110,114.0,108.0,138.0,117.5,111.46
2024-04-14,SKU014,186,174.0,193.0,193.0,186.5,184.02
2024-04-14,SKU015,37,29.0,34.0,41.0,35.25,37.16
2024-04-14,SKU016,98,109.0,98.0,122.0,106.75,99.13
2024-04-14,SKU017,130,125.0,114.0,109.0,119.5,129.68
2024-04-14,SKU018,190,197.0,221.0,227.0,208.75,192.23
2024-04-14,SKU019,135,151.0,135.0,136.0,139.25,136.06
2024-04-14,SKU020,105,97.0,104.0,119.0,106.25,103.93
2024-04-14,SKU021,62,54.0,65.0,59.0,60.0,62.15
2024-04-14,SKU022,100,82.0,93.0,75.0,87.5,96.89
2024-04-14,SKU023,132,122.0,117.0,99.0,117.5,131.01
2024-04-14,SKU024,103,95.0,117.0,111.0,106.5,102.13
2024-04-14,SKU025,19,24.0,31.0,27.0,25.25,20.45
2024-04-14,SKU026,196,159.0,179.0,202.0,184.0,192.93
2024-04-14,SKU027,181,200.0,195.0,195.0,192.75,182.17
2024-04-14,SKU028,50,47.0,56.0,47.0,50.0,49.48
2024-04-14,SKU029,139,117.0,125.0,142.0,130.75,136.28
2024-04-14,SKU030,40,45.0,36.0,43.0,41.0,40.42
2024-04-14,SKU031,130,158.0,150.0,166.0,151.0,133.45
2024-04-14,SKU032,74,75.0,71.0,85.0,76.25,74.62
2024-04-14,SKU033,178,164.0,162.0,151.0,163.75,177.47
2024-04-14,SKU034,174,179.0,167.0,171.0,172.75,173.48
2024-04-14,SKU035,187,165.0,176.0,185.0,178.25,186.55
2024-04-14,SKU036,44,49.0,41.0,49.0,45.75,43.71
2024-04-14,SKU037,221,184.0,203.0,197.0,201.25,218.21
2024-04-14,SKU038,74,45.0,67.0,64.0,62.5,70.64
2024-04-14,SKU039,31,30.0,22.0,27.0,27.5,30.49
2024-04-14,SKU040,126,109.0,147.0,173.0,138.75,128.19
2024-04-14,SKU041,78,95.0,115.0,110.0,99.5,81.44
2024-04-14,SKU042,194,193.0,196.0,189.0,193.0,193.38
2024-04-14,SKU043,170,172.0,177.0,171.0,172.5,171.11
2024-04-14,SKU044,76,81.0,88.0,78.0,80.75,77.62
2024-04-14,SKU045,219,186.0,218.0,223.0,211.5,213.29
2024-04-14,SKU046,68,75.0,80.0,86.0,77.25,69.65
2024-04-14,SKU047,95,123.0,123.0,135.0,119.0,97.94
2024-04-14,SKU048,65,59.0,79.0,70.0,68.25,66.51
2024-04-14,SKU049,199,219.0,221.0,228.0,216.75,202.77
2024-04-14,SKU050,43,41.0,60.0,51.0,48.75,43.96
2024-04-21,SKU001,103,115.0,122.0,102.0,110.5,102.46
2024-04-21,SKU002,93,76.0,79.0,106.0,88.5,92.11
2024-04-21,SKU003,47,47.0,48.0,49.0,47.75,46.12
2024-04-21,SKU004,44,30.0,35.0,27.0,34.0,42.28
2024-04-21,SKU005,140,113.0,138.0,126.0,129.25,135.85
2024-04-21,SKU006,54,61.0,68.0,53.0,59.0,55.63
2024-04-21,SKU007,199,222.0,199.0,192.0,203.0,200.92
2024-04-21,SKU008,139,128.0,128.0,128.0,130.75,137.84
2024-04-21,SKU009,100,106.0,82.0,88.0,94.0,98.71
2024-04-21,SKU010,121,141.0,124.0,162.0,137.0,124.11
2024-04-21,SKU011,19,22.0,20.0,16.0,19.25,18.44
2024-04-21,SKU012,216,211.0,223.0,231.0,220.25,212.29
2024-04-21,SKU013,128,110.0,114.0,108.0,115.0,128.03
2024-04-21,SKU014,198,186.0,174.0,193.0,187.75,197.71
2024-04-21,SKU015,26,37.0,29.0,34.0,31.5,27.01
2024-04-21,SKU016,125,98.0,109.0,98.0,107.5,121.65
2024-04-21,SKU017,108,130.0,125.0,114.0,119.25,109.72
2024-04-21,SKU018,209,190.0,197.0,221.0,204.25,207.22
2024-04-21,SKU019,132,135.0,151.0,135.0,138.25,132.21
2024-04-21,SKU020,122,105.0,97.0,104.0,107.0,119.56
2024-04-21,SKU021,80,62.0,54.0,65.0,65.25,77.16
2024-04-21,SKU022,73,100.0,82.0,93.0,87.0,75.47
2024-04-21,SKU023,118,132.0,122.0,117.0,122.25,118.98
2024-04-21,SKU024,113,103.0,95.0,117.0,107.0,112.04
2024-04-21,SKU025,17,19.0,24.0,31.0,22.75,19.11
2024-04-21,SKU026,181,196.0,159.0,179.0,178.75,180.46
2024-04-21,SKU027,185,181.0,200.0,195.0,190.25,183.44
2024-04-21,SKU028,56,50.0,47.0,56.0,52.25,55.16
2024-04-21,SKU029,126,139.0,117.0,125.0,126.75,128.42
2024-04-21,SKU030,38,40.0,45.0,36.0,39.75,37.8
2024-04-21,SKU031,165,130.0,158.0,150.0,150.75,160.5
2024-04-21,SKU032,68,74.0,75.0,71.0,72.0,68.54
2024-04-21,SKU033,148,178.0,164.0,162.0,163.0,150.23
2024-04-21,SKU034,162,174.0,179.0,167.0,170.5,165.05
2024-04-21,SKU035,159,187.0,165.0,176.0,171.75,161.45
2024-04-21,SKU036,44,44.0,49.0,41.0,44.5,43.6
2024-04-21,SKU037,196,221.0,184.0,203.0,201.0,197.69
2024-04-21,SKU038,56,74.0,45.0,67.0,60.5,56.22
2024-04-21,SKU039,17,31.0,30.0,22.0,25.0,19.23
2024-04-21,SKU040,131,126.0,109.0,147.0,128.25,127.99
2024-04-21,SKU041,99,78.0,95.0,115.0,96.75,98.25
2024-04-21,SKU042,163,194.0,193.0,196.0,186.5,168.24
2024-04-21,SKU043,187,170.0,172.0,177.0,176.5,186.48
2024-04-21,SKU044,77,76.0,81.0,88.0,80.5,76.14
2024-04-21,SKU045,212,219.0,186.0,218.0,208.75,212.06
2024-04-21,SKU046,72,68.0,75.0,80.0,73.75,72.57
2024-04-21,SKU047,129,95.0,123.0,123.0,117.5,127.16
2024-04-21,SKU048,74,65.0,59.0,79.0,69.25,73.35
2024-04-21,SKU049,193,199.0,219.0,221.0,208.0,194.36
2024-04-21,SKU050,49,43.0,41.0,60.0,48.25,49.29
2024-04-28,SKU001,112,103.0,115.0,122.0,113.0,112.25
2024-04-28,SKU002,75,93.0,76.0,79.0,80.75,75.91
2024-04-28,SKU003,45,47.0,47.0,48.0,46.75,45.03
2024-04-28,SKU004,28,44.0,30.0,35.0,34.25,29.46
2024-04-28,SKU005,113,140.0,113.0,138.0,126.0,116.47
2024-04-28,SKU006,44,54.0,61.0,68.0,56.75,46.96
2024-04-28,SKU007,198,199.0,222.0,199.0,204.5,197.07
2024-04-28,SKU008,134,139.0,128.0,128.0,132.25,135.8
2024-04-28,SKU009,104,100.0,106.0,82.0,98.0,103.53
2024-04-28,SKU010,121,121.0,141.0,124.0,126.75,122.74
2024-04-28,SKU011,31,19.0,22.0,20.0,23.0,29.12
2024-04-28,SKU012,217,216.0,211.0,223.0,216.75,220.35
2024-04-28,SKU013,102,128.0,110.0,114.0,113.5,102.76
2024-04-28,SKU014,151,198.0,186.0,174.0,177.25,156.39
2024-04-28,SKU015,35,26.0,37.0,29.0,31.75,34.25
2024-04-28,SKU016,116,125.0,98.0,109.0,112.0,116.65
2024-04-28,SKU017,126,108.0,130.0,125.0,122.25,124.42
2024-04-28,SKU018,209,209.0,190.0,197.0,201.25,208.16
2024-04-28,SKU019,139,132.0,135.0,151.0,139.25,140.68
2024-04-28,SKU020,97,122.0,105.0,97.0,105.25,98.86
2024-04-28,SKU021,74,80.0,62.0,54.0,67.5,73.02
2024-04-28,SKU022,96,73.0,100.0,82.0,87.75,95.17
2024-04-28,SKU023,102,118.0,132.0,122.0,118.5,104.87
2024-04-28,SKU024,106,113.0,103.0,95.0,104.25,107.22
2024-04-28,SKU025,28,17.0,19.0,24.0,22.0,27.03
2024-04-28,SKU026,186,181.0,196.0,159.0,180.5,185.57
2024-04-28,SKU027,205,185.0,181.0,200.0,192.75,204.09
2024-04-28,SKU028,44,56.0,50.0,47.0,49.25,44.81
2024-04-28,SKU029,125,126.0,139.0,117.0,126.75,124.81
2024-04-28,SKU030,36,38.0,40.0,45.0,39.75,35.66
2024-04-28,SKU031,121,165.0,130.0,158.0,143.5,129.43
2024-04-28,SKU032,78,68.0,74.0,75.0,73.75,78.33
2024-04-28,SKU033,119,148.0,178.0,164.0,152.25,123.73
2024-04-28,SKU034,160,162.0,174.0,179.0,168.75,159.58
2024-04-28,SKU035,201,159.0,187.0,165.0,178.0,194.65
2024-04-28,SKU036,33,44.0,44.0,49.0,42.5,34.37
2024-04-28,SKU037,183,196.0,221.0,184.0,196.0,187.09
2024-04-28,SKU038,52,56.0,74.0,45.0,56.75,53.5
2024-04-28,SKU039,29,17.0,31.0,30.0,26.75,27.62
2024-04-28,SKU040,117,131.0,126.0,109.0,120.75,117.31
2024-04-28,SKU041,73,99.0,78.0,95.0,86.25,75.17
2024-04-28,SKU042,199,163.0,194.0,193.0,187.25,194.32
2024-04-28,SKU043,192,187.0,170.0,172.0,180.25,190.34
2024-04-28,SKU044,84,77.0,76.0,81.0,79.5,83.08
2024-04-28,SKU045,213,212.0,219.0,186.0,207.5,209.82
2024-04-28,SKU046,87,72.0,68.0,75.0,75.5,85.15
2024-04-28,SKU047,130,129.0,95.0,123.0,119.25,127.42
2024-04-28,SKU048,54,74.0,65.0,59.0,63.0,55.79
2024-04-28,SKU049,222,193.0,199.0,219.0,208.25,214.63
2024-04-28,SKU050,55,49.0,43.0,41.0,47.0,54.88
2024-05-05,SKU001,110,112.0,103.0,115.0,110.0,110.01
2024-05-05,SKU002,91,75.0,93.0,76.0,83.75,91.4
2024-05-05,SKU003,45,45.0,47.0,47.0,46.0,45.76
2024-05-05,SKU004,37,28.0,44.0,30.0,34.75,36.84
2024-05-05,SKU005,122,113.0,140.0,113.0,122.0,121.45
2024-05-05,SKU006,54,44.0,54.0,61.0,53.25,53.0
2024-05-05,SKU007,188,198.0,199.0,222.0,201.75,190.81
2024-05-05,SKU008,139,134.0,139.0,128.0,135.0,137.83
2024-05-05,SKU009,80,104.0,100.0,106.0,97.5,82.82
2024-05-05,SKU010,144,121.0,121.0,141.0,131.75,141.77
2024-05-05,SKU011,20,31.0,19.0,22.0,23.0,21.0
2024-05-05,SKU012,209,217.0,216.0,211.0,213.25,209.61
2024-05-05,SKU013,108,102.0,128.0,110.0,112.0,108.72
2024-05-05,SKU014,170,151.0,198.0,186.0,176.25,168.86
2024-05-05,SKU015,30,35.0,26.0,37.0,32.0,29.71
2024-05-05,SKU016,93,116.0,125.0,98.0,108.0,97.47
2024-05-05,SKU017,129,126.0,108.0,130.0,123.25,127.37
2024-05-05,SKU018,204,209.0,209.0,190.0,203.0,203.87
2024-05-05,SKU019,134,139.0,132.0,135.0,135.0,134.7
2024-05-05,SKU020,90,97.0,122.0,105.0,103.5,91.67
2024-05-05,SKU021,79,74.0,80.0,62.0,73.75,77.26
2024-05-05,SKU022,87,96.0,73.0,100.0,89.0,86.62
2024-05-05,SKU023,102,102.0,118.0,132.0,113.5,103.2
2024-05-05,SKU024,103,106.0,113.0,103.0,106.25,101.77
2024-05-05,SKU025,19,28.0,17.0,19.0,20.75,19.87
2024-05-05,SKU026,174,186.0,181.0,196.0,184.25,177.24
2024-05-05,SKU027,188,205.0,185.0,181.0,189.75,191.15
2024-05-05,SKU028,40,44.0,56.0,50.0,47.5,42.37
2024-05-05,SKU029,117,125.0,126.0,139.0,126.75,120.31
2024-05-05,SKU030,35,36.0,38.0,40.0,37.25,34.83
2024-05-05,SKU031,159,121.0,165.0,130.0,143.75,153.08
2024-05-05,SKU032,73,78.0,68.0,74.0,73.25,73.49
2024-05-05,SKU033,138,119.0,148.0,178.0,145.75,136.89
2024-05-05,SKU034,170,160.0,162.0,174.0,166.5,168.82
2024-05-05,SKU035,169,201.0,159.0,187.0,179.0,171.71
2024-05-05,SKU036,28,33.0,44.0,44.0,37.25,30.23
2024-05-05,SKU037,204,183.0,196.0,221.0,201.0,204.45
2024-05-05,SKU038,56,52.0,56.0,74.0,59.5,56.87
2024-05-05,SKU039,21,29.0,17.0,31.0,24.5,22.05
2024-05-05,SKU040,119,117.0,131.0,126.0,123.25,119.59
2024-05-05,SKU041,98,73.0,99.0,78.0,87.0,96.98
2024-05-05,SKU042,201,199.0,163.0,194.0,189.25,200.69
2024-05-05,SKU043,174,192.0,187.0,170.0,180.75,176.71
2024-05-05,SKU044,79,84.0,77.0,76.0,79.0,79.2
2024-05-05,SKU045,209,213.0,212.0,219.0,213.25,213.74
2024-05-05,SKU046,70,87.0,72.0,68.0,74.25,71.36
2024-05-05,SKU047,123,130.0,129.0,95.0,119.25,123.2
2024-05-05,SKU048,60,54.0,74.0,65.0,63.25,62.54
2024-05-05,SKU049,219,222.0,193.0,199.0,208.25,216.55
2024-05-05,SKU050,50,55.0,49.0,43.0,49.25,49.4
2024-05-12,SKU001,117,110.0,112.0,103.0,110.5,116.77
2024-05-12,SKU002,88,91.0,75.0,93.0,86.75,87.4
2024-05-12,SKU003,37,45.0,45.0,47.0,43.5,39.43
2024-05-12,SKU004,47,37.0,28.0,44.0,39.0,45.3
2024-05-12,SKU005,142,122.0,113.0,140.0,129.25,138.71
2024-05-12,SKU006,45,54.0,44.0,54.0,49.25,47.77
2024-05-12,SKU007,174,188.0,198.0,199.0,189.75,177.68
2024-05-12,SKU008,131,139.0,134.0,139.0,135.75,130.48
2024-05-12,SKU009,70,80.0,104.0,100.0,88.5,72.11
2024-05-12,SKU010,117,144.0,121.0,121.0,125.75,118.4
2024-05-12,SKU011,30,20.0,31.0,19.0,25.0,28.35
2024-05-12,SKU012,210,209.0,217.0,216.0,213.0,209.5
2024-05-12,SKU013,120,108.0,102.0,128.0,114.5,118.49
2024-05-12,SKU014,163,170.0,151.0,198.0,170.5,166.33
2024-05-12,SKU015,26,30.0,35.0,26.0,29.25,26.19
2024-05-12,SKU016,95,93.0,116.0,125.0,107.25,96.99
2024-05-12,SKU017,109,129.0,126.0,108.0,118.0,111.64
2024-05-12,SKU018,220,204.0,209.0,209.0,210.5,216.89
2024-05-12,SKU019,141,134.0,139.0,132.0,136.5,138.46
2024-05-12,SKU020,100,90.0,97.0,122.0,102.25,100.04
2024-05-12,SKU021,67,79.0,74.0,80.0,75.0,68.67
2024-05-12,SKU022,83,87.0,96.0,73.0,84.75,83.86
2024-05-12,SKU023,120,102.0,102.0,118.0,110.5,118.31
2024-05-12,SKU024,108,103.0,106.0,113.0,107.5,108.09
2024-05-12,SKU025,20,19.0,28.0,17.0,21.0,19.7
2024-05-12,SKU026,190,174.0,186.0,181.0,182.75,187.07
2024-05-12,SKU027,194,188.0,205.0,185.0,193.0,192.36
2024-05-12,SKU028,45,40.0,44.0,56.0,46.25,44.11
2024-05-12,SKU029,116,117.0,125.0,126.0,121.0,115.82
2024-05-12,SKU030,41,35.0,36.0,38.0,37.5,39.81
2024-05-12,SKU031,152,159.0,121.0,165.0,149.25,148.24
2024-05-12,SKU032,57,73.0,78.0,68.0,69.0,58.38
2024-05-12,SKU033,155,138.0,119.0,148.0,140.0,152.04
2024-05-12,SKU034,153,170.0,160.0,162.0,161.25,154.77
2024-05-12,SKU035,159,169.0,201.0,159.0,172.0,162.2
2024-05-12,SKU036,24,28.0,33.0,44.0,32.25,26.41
2024-05-12,SKU037,194,204.0,183.0,196.0,194.25,196.96
2024-05-12,SKU038,62,56.0,52.0,56.0,56.5,60.91
2024-05-12,SKU039,29,21.0,29.0,17.0,24.0,27.94
2024-05-12,SKU040,125,119.0,117.0,131.0,123.0,125.14
2024-05-12,SKU041,101,98.0,73.0,99.0,92.75,100.74
2024-05-12,SKU042,166,201.0,199.0,163.0,182.25,171.93
2024-05-12,SKU043,179,174.0,192.0,187.0,183.0,179.0
2024-05-12,SKU044,84,79.0,84.0,77.0,81.0,83.57
2024-05-12,SKU045,198,209.0,213.0,212.0,208.0,200.87
2024-05-12,SKU046,73,70.0,87.0,72.0,75.5,72.58
2024-05-12,SKU047,112,123.0,130.0,129.0,123.5,113.91
2024-05-12,SKU048,71,60.0,54.0,74.0,64.75,70.97
2024-05-12,SKU049,200,219.0,222.0,193.0,208.5,200.61
2024-05-12,SKU050,45,50.0,55.0,49.0,49.75,46.68
2024-05-19,SKU001,115,117.0,110.0,112.0,113.5,115.86
2024-05-19,SKU002,86,88.0,91.0,75.0,85.0,85.37
2024-05-19,SKU003,41,37.0,45.0,45.0,42.0,41.02
2024-05-19,SKU004,54,47.0,37.0,28.0,41.5,50.53
2024-05-19,SKU005,122,142.0,122.0,113.0,124.75,124.94
2024-05-19,SKU006,52,45.0,54.0,44.0,48.75,51.63
2024-05-19,SKU007,184,174.0,188.0,198.0,186.0,185.14
2024-05-19,SKU008,128,131.0,139.0,134.0,133.0,128.92
2024-05-19,SKU009,83,70.0,80.0,104.0,84.25,84.45
2024-05-19,SKU010,145,117.0,144.0,121.0,131.75,141.41
2024-05-19,SKU011,28,30.0,20.0,31.0,27.25,27.68
2024-05-19,SKU012,188,210.0,209.0,217.0,206.0,191.82
2024-05-19,SKU013,103,120.0,108.0,102.0,108.25,104.93
2024-05-19,SKU014,146,163.0,170.0,151.0,157.5,150.32
2024-05-19,SKU015,31,26.0,30.0,35.0,30.5,31.35
2024-05-19,SKU016,129,95.0,93.0,116.0,108.25,124.46
2024-05-19,SKU017,109,109.0,129.0,126.0,118.25,110.82
2024-05-19,SKU018,203,220.0,204.0,209.0,209.0,205.01
2024-05-19,SKU019,151,141.0,134.0,139.0,141.25,150.04
2024-05-19,SKU020,110,100.0,90.0,97.0,99.25,108.76
2024-05-19,SKU021,70,67.0,79.0,74.0,72.5,70.9
2024-05-19,SKU022,84,83.0,87.0,96.0,87.5,84.08
2024-05-19,SKU023,129,120.0,102.0,102.0,113.25,125.4
2024-05-19,SKU024,109,108.0,103.0,106.0,106.5,108.18
2024-05-19,SKU025,21,20.0,19.0,28.0,22.0,22.7
2024-05-19,SKU026,162,190.0,174.0,186.0,178.0,165.73
2024-05-19,SKU027,196,194.0,188.0,205.0,195.75,196.25
2024-05-19,SKU028,53,45.0,40.0,44.0,45.5,51.36
2024-05-19,SKU029,117,116.0,117.0,125.0,118.75,119.57
2024-05-19,SKU030,42,41.0,35.0,36.0,38.5,41.74
2024-05-19,SKU031,143,152.0,159.0,121.0,143.75,143.35
2024-05-19,SKU032,101,57.0,73.0,78.0,77.25,96.4
2024-05-19,SKU033,150,155.0,138.0,119.0,140.5,148.36
2024-05-19,SKU034,163,153.0,170.0,160.0,161.5,163.72
2024-05-19,SKU035,158,159.0,169.0,201.0,171.75,158.06
2024-05-19,SKU036,39,24.0,28.0,33.0,31.0,37.55
2024-05-19,SKU037,198,194.0,204.0,183.0,194.75,196.03
2024-05-19,SKU038,66,62.0,56.0,52.0,59.0,64.98
2024-05-19,SKU039,27,29.0,21.0,29.0,26.5,27.97
2024-05-19,SKU040,108,125.0,119.0,117.0,117.25,109.63
2024-05-19,SKU041,78,101.0,98.0,73.0,87.5,78.52
2024-05-19,SKU042,191,166.0,201.0,199.0,189.25,186.95
2024-05-19,SKU043,181,179.0,174.0,192.0,181.5,180.96
2024-05-19,SKU044,70,84.0,79.0,84.0,79.25,72.33
2024-05-19,SKU045,213,198.0,209.0,213.0,208.25,211.36
2024-05-19,SKU046,78,73.0,70.0,87.0,77.0,77.48
2024-05-19,SKU047,102,112.0,123.0,130.0,116.75,103.04
2024-05-19,SKU048,69,71.0,60.0,54.0,63.5,68.09
2024-05-19,SKU049,192,200.0,219.0,222.0,208.25,192.85
2024-05-19,SKU050,58,45.0,50.0,55.0,52.0,56.76
2024-05-26,SKU001,115,115.0,117.0,110.0,114.25,114.57
2024-05-26,SKU002,78,86.0,88.0,91.0,85.75,78.46
2024-05-26,SKU003,50,41.0,37.0,45.0,43.25,49.54
2024-05-26,SKU004,40,54.0,47.0,37.0,44.5,41.0
2024-05-26,SKU005,118,122.0,142.0,122.0,126.0,120.33
2024-05-26,SKU006,58,52.0,45.0,54.0,52.25,57.79
2024-05-26,SKU007,209,184.0,174.0,188.0,188.75,206.28
2024-05-26,SKU008,137,128.0,131.0,139.0,133.75,137.89
2024-05-26,SKU009,83,83.0,70.0,80.0,79.0,82.14
2024-05-26,SKU010,141,145.0,117.0,144.0,136.75,139.18
2024-05-26,SKU011,17,28.0,30.0,20.0,23.75,18.46
2024-05-26,SKU012,183,188.0,210.0,209.0,197.5,185.25
2024-05-26,SKU013,113,103.0,120.0,108.0,111.0,109.88
2024-05-26,SKU014,168,146.0,163.0,170.0,161.75,164.31
2024-05-26,SKU015,36,31.0,26.0,30.0,30.75,35.39
2024-05-26,SKU016,122,129.0,95.0,93.0,109.75,120.45
2024-05-26,SKU017,122,109.0,109.0,129.0,117.25,120.01
2024-05-26,SKU018,185,203.0,220.0,204.0,203.0,186.24
2024-05-26,SKU019,131,151.0,141.0,134.0,139.25,131.33
2024-05-26,SKU020,120,110.0,100.0,90.0,105.0,117.52
2024-05-26,SKU021,61,70.0,67.0,79.0,69.25,61.94
2024-05-26,SKU022,82,84.0,83.0,87.0,84.0,82.98
2024-05-26,SKU023,101,129.0,120.0,102.0,113.0,105.25
2024-05-26,SKU024,104,109.0,108.0,103.0,106.0,103.59
2024-05-26,SKU025,15,21.0,20.0,19.0,18.75,15.43
2024-05-26,SKU026,180,162.0,190.0,174.0,176.5,177.89
2024-05-26,SKU027,193,196.0,194.0,188.0,192.75,191.73
2024-05-26,SKU028,40,53.0,45.0,40.0,44.5,40.61
2024-05-26,SKU029,134,117.0,116.0,117.0,121.0,132.25
2024-05-26,SKU030,47,42.0,41.0,35.0,41.25,46.27
2024-05-26,SKU031,150,143.0,152.0,159.0,151.0,149.24
2024-05-26,SKU032,72,101.0,57.0,73.0,75.75,73.41
2024-05-26,SKU033,120,150.0,155.0,138.0,140.75,125.03
2024-05-26,SKU034,147,163.0,153.0,170.0,158.25,149.95
2024-05-26,SKU035,174,158.0,159.0,169.0,165.0,172.19
2024-05-26,SKU036,30,39.0,24.0,28.0,30.25,29.26
2024-05-26,SKU037,190,198.0,194.0,204.0,196.5,193.1
2024-05-26,SKU038,54,66.0,62.0,56.0,59.5,54.25
2024-05-26,SKU039,25,27.0,29.0,21.0,25.5,24.54
2024-05-26,SKU040,119,108.0,125.0,119.0,117.75,119.58
2024-05-26,SKU041,79,78.0,101.0,98.0,89.0,81.67
2024-05-26,SKU042,172,191.0,166.0,201.0,182.5,172.53
2024-05-26,SKU043,178,181.0,179.0,174.0,178.0,178.84
2024-05-26,SKU044,77,70.0,84.0,79.0,77.5,77.91
2024-05-26,SKU045,187,213.0,198.0,209.0,201.75,190.36
2024-05-26,SKU046,76,78.0,73.0,70.0,74.25,75.22
2024-05-26,SKU047,127,102.0,112.0,123.0,116.0,123.68
2024-05-26,SKU048,66,69.0,71.0,60.0,66.5,66.75
2024-05-26,SKU049,178,192.0,200.0,219.0,197.25,180.46
2024-05-26,SKU050,37,58.0,45.0,50.0,47.5,39.45
2024-06-02,SKU001,108,115.0,115.0,117.0,113.75,109.51
2024-06-02,SKU002,77,78.0,86.0,88.0,82.25,78.23
2024-06-02,SKU003,60,50.0,41.0,37.0,47.0,58.41
2024-06-02,SKU004,28,40.0,54.0,47.0,42.25,30.88
2024-06-02,SKU005,124,118.0,122.0,142.0,126.5,125.71
2024-06-02,SKU006,46,58.0,52.0,45.0,50.25,47.05
2024-06-02,SKU007,242,209.0,184.0,174.0,202.25,233.29
2024-06-02,SKU008,140,137.0,128.0,131.0,134.0,139.41
2024-06-02,SKU009,74,83.0,83.0,70.0,77.5,75.53
2024-06-02,SKU010,158,141.0,145.0,117.0,140.25,154.72
2024-06-02,SKU011,26,17.0,28.0,30.0,25.25,26.3
2024-06-02,SKU012,204,183.0,188.0,210.0,196.25,202.73
2024-06-02,SKU013,134,113.0,103.0,120.0,117.5,132.92
2024-06-02,SKU014,199,168.0,146.0,163.0,169.0,191.72
2024-06-02,SKU015,32,36.0,31.0,26.0,31.25,32.35
2024-06-02,SKU016,108,122.0,129.0,95.0,113.5,108.62
2024-06-02,SKU017,118,122.0,109.0,109.0,114.5,117.02
2024-06-02,SKU018,199,185.0,203.0,220.0,201.75,199.49
2024-06-02,SKU019,147,131.0,151.0,141.0,142.5,145.03
2024-06-02,SKU020,117,120.0,110.0,100.0,111.75,117.47
2024-06-02,SKU021,73,61.0,70.0,67.0,67.75,72.03
2024-06-02,SKU022,78,82.0,84.0,83.0,81.75,80.19
2024-06-02,SKU023,123,101.0,129.0,120.0,118.25,122.54
2024-06-02,SKU024,118,104.0,109.0,108.0,109.75,116.49
2024-06-02,SKU025,16,15.0,21.0,20.0,18.0,16.11
2024-06-02,SKU026,201,180.0,162.0,190.0,183.25,195.93
2024-06-02,SKU027,210,193.0,196.0,194.0,198.25,207.94
2024-06-02,SKU028,52,40.0,53.0,45.0,47.5,51.33
2024-06-02,SKU029,132,134.0,117.0,116.0,124.75,131.47
2024-06-02,SKU030,40,47.0,42.0,41.0,42.5,40.74
2024-06-02,SKU031,160,150.0,143.0,152.0,151.25,158.11
2024-06-02,SKU032,84,72.0,101.0,57.0,78.5,82.0
2024-06-02,SKU033,145,120.0,150.0,155.0,142.5,143.69
2024-06-02,SKU034,170,147.0,163.0,153.0,158.25,168.35
2024-06-02,SKU035,176,174.0,158.0,159.0,166.75,173.89
2024-06-02,SKU036,45,30.0,39.0,24.0,34.5,42.98
2024-06-02,SKU037,207,190.0,198.0,194.0,197.25,202.76
2024-06-02,SKU038,67,54.0,66.0,62.0,62.25,67.45
2024-06-02,SKU039,27,25.0,27.0,29.0,27.0,26.37
2024-06-02,SKU040,135,119.0,108.0,125.0,121.75,131.41
2024-06-02,SKU041,100,79.0,78.0,101.0,89.5,96.29
2024-06-02,SKU042,212,172.0,191.0,166.0,185.25,205.72
2024-06-02,SKU043,191,178.0,181.0,179.0,182.25,187.53
2024-06-02,SKU044,85,77.0,70.0,84.0,79.0,84.0
2024-06-02,SKU045,230,187.0,213.0,198.0,207.0,224.44
2024-06-02,SKU046,80,76.0,78.0,73.0,76.75,78.1
2024-06-02,SKU047,132,127.0,102.0,112.0,118.25,131.51
2024-06-02,SKU048,76,66.0,69.0,71.0,70.5,75.04
2024-06-02,SKU049,196,178.0,192.0,200.0,191.5,191.35
2024-06-02,SKU050,50,37.0,58.0,45.0,47.5,48.51
2024-06-09,SKU001,126,108.0,115.0,115.0,116.0,124.69
2024-06-09,SKU002,76,77.0,78.0,86.0,79.25,75.64
2024-06-09,SKU003,52,60.0,50.0,41.0,50.75,51.94
2024-06-09,SKU004,41,28.0,40.0,54.0,40.75,42.17
2024-06-09,SKU005,157,124.0,118.0,122.0,130.25,153.97
2024-06-09,SKU006,33,46.0,58.0,52.0,47.25,37.71
2024-06-09,SKU007,196,242.0,209.0,184.0,207.75,201.69
2024-06-09,SKU008,125,140.0,137.0,128.0,132.5,126.54
2024-06-09,SKU009,94,74.0,83.0,83.0,83.5,92.59
2024-06-09,SKU010,151,158.0,141.0,145.0,148.75,149.25
2024-06-09,SKU011,24,26.0,17.0,28.0,23.75,23.89
2024-06-09,SKU012,205,204.0,183.0,188.0,195.0,202.55
2024-06-09,SKU013,112,134.0,113.0,103.0,115.5,112.02
2024-06-09,SKU014,174,199.0,168.0,146.0,171.75,174.0
2024-06-09,SKU015,41,32.0,36.0,31.0,35.0,40.78
2024-06-09,SKU016,110,108.0,122.0,129.0,117.25,110.78
2024-06-09,SKU017,121,118.0,122.0,109.0,117.5,122.28
2024-06-09,SKU018,194,199.0,185.0,203.0,195.25,195.1
2024-06-09,SKU019,122,147.0,131.0,151.0,137.75,125.21
2024-06-09,SKU020,104,117.0,120.0,110.0,112.75,105.65
2024-06-09,SKU021,59,73.0,61.0,70.0,65.75,59.59
2024-06-09,SKU022,63,78.0,82.0,84.0,76.75,66.18
2024-06-09,SKU023,116,123.0,101.0,129.0,117.25,116.43
2024-06-09,SKU024,97,118.0,104.0,109.0,107.0,99.15
2024-06-09,SKU025,21,16.0,15.0,21.0,18.25,20.47
2024-06-09,SKU026,183,201.0,180.0,162.0,181.5,183.03
2024-06-09,SKU027,179,210.0,193.0,196.0,194.5,180.51
2024-06-09,SKU028,32,52.0,40.0,53.0,44.25,34.92
2024-06-09,SKU029,129,132.0,134.0,117.0,128.0,129.58
2024-06-09,SKU030,29,40.0,47.0,42.0,39.5,30.58
2024-06-09,SKU031,151,160.0,150.0,143.0,151.0,150.81
2024-06-09,SKU032,83,84.0,72.0,101.0,85.0,83.74
2024-06-09,SKU033,146,145.0,120.0,150.0,140.25,146.35
2024-06-09,SKU034,171,170.0,147.0,163.0,162.75,169.19
2024-06-09,SKU035,166,176.0,174.0,158.0,168.5,166.53
2024-06-09,SKU036,43,45.0,30.0,39.0,39.25,42.16
2024-06-09,SKU037,203,207.0,190.0,198.0,199.5,203.47
2024-06-09,SKU038,63,67.0,54.0,66.0,62.5,64.82
2024-06-09,SKU039,25,27.0,25.0,27.0,26.0,25.72
2024-06-09,SKU040,128,135.0,119.0,108.0,122.5,128.5
2024-06-09,SKU041,89,100.0,79.0,78.0,86.5,89.12
2024-06-09,SKU042,158,212.0,172.0,191.0,183.25,166.29
2024-06-09,SKU043,169,191.0,178.0,181.0,179.75,171.17
2024-06-09,SKU044,78,85.0,77.0,70.0,77.5,77.9
2024-06-09,SKU045,213,230.0,187.0,213.0,210.75,213.85
2024-06-09,SKU046,67,80.0,76.0,78.0,75.25,67.94
2024-06-09,SKU047,113,132.0,127.0,102.0,118.5,115.36
2024-06-09,SKU048,68,76.0,66.0,69.0,69.75,67.78
2024-06-09,SKU049,194,196.0,178.0,192.0,190.0,195.87
2024-06-09,SKU050,52,50.0,37.0,58.0,49.25,52.4
2024-06-16,SKU001,106,126.0,108.0,115.0,113.75,106.06
2024-06-16,SKU002,82,76.0,77.0,78.0,78.25,83.15
2024-06-16,SKU003,47,52.0,60.0,50.0,52.25,46.73
2024-06-16,SKU004,40,41.0,28.0,40.0,37.25,39.55
2024-06-16,SKU005,138,157.0,124.0,118.0,134.25,138.76
2024-06-16,SKU006,41,33.0,46.0,58.0,44.5,41.22
2024-06-16,SKU007,203,196.0,242.0,209.0,212.5,202.72
2024-06-16,SKU008,106,125.0,140.0,137.0,127.0,110.27
2024-06-16,SKU009,93,94.0,74.0,83.0,86.0,93.03
2024-06-16,SKU010,141,151.0,158.0,141.0,147.75,143.37
2024-06-16,SKU011,19,24.0,26.0,17.0,21.5,19.75
2024-06-16,SKU012,230,205.0,204.0,183.0,205.5,223.96
2024-06-16,SKU013,92,112.0,134.0,113.0,112.75,96.31
2024-06-16,SKU014,175,174.0,199.0,168.0,179.0,177.32
2024-06-16,SKU015,36,41.0,32.0,36.0,36.25,36.37
2024-06-16,SKU016,107,110.0,108.0,122.0,111.75,107.58
2024-06-16,SKU017,110,121.0,118.0,122.0,117.75,111.99
2024-06-16,SKU018,191,194.0,199.0,185.0,192.25,190.62
2024-06-16,SKU019,137,122.0,147.0,131.0,134.25,135.58
2024-06-16,SKU020,127,104.0,117.0,120.0,117.0,124.62
2024-06-16,SKU021,76,59.0,73.0,61.0,67.25,73.92
2024-06-16,SKU022,91,63.0,78.0,82.0,78.5,88.71
2024-06-16,SKU023,114,116.0,123.0,101.0,113.5,113.33
2024-06-16,SKU024,95,97.0,118.0,104.0,103.5,94.91
2024-06-16,SKU025,16,21.0,16.0,15.0,17.0,17.12
2024-06-16,SKU026,175,183.0,201.0,180.0,184.75,175.11
2024-06-16,SKU027,219,179.0,210.0,193.0,200.25,216.34
2024-06-16,SKU028,48,32.0,52.0,40.0,43.0,46.09
2024-06-16,SKU029,142,129.0,132.0,134.0,134.25,140.29
2024-06-16,SKU030,47,29.0,40.0,47.0,40.75,45.05
2024-06-16,SKU031,150,151.0,160.0,150.0,152.75,152.68
2024-06-16,SKU032,65,83.0,84.0,72.0,76.0,66.48
2024-06-16,SKU033,152,146.0,145.0,120.0,140.75,149.86
2024-06-16,SKU034,165,171.0,170.0,147.0,163.25,164.97
2024-06-16,SKU035,195,166.0,176.0,174.0,177.75,192.19
2024-06-16,SKU036,41,43.0,45.0,30.0,39.75,40.14
2024-06-16,SKU037,186,203.0,207.0,190.0,196.5,188.43
2024-06-16,SKU038,65,63.0,67.0,54.0,62.25,64.25
2024-06-16,SKU039,24,25.0,27.0,25.0,25.25,24.22
2024-06-16,SKU040,128,128.0,135.0,119.0,127.5,129.4
2024-06-16,SKU041,90,89.0,100.0,79.0,89.5,91.58
2024-06-16,SKU042,195,158.0,212.0,172.0,184.25,191.08
2024-06-16,SKU043,179,169.0,191.0,178.0,179.25,179.76
2024-06-16,SKU044,81,78.0,85.0,77.0,80.25,81.38
2024-06-16,SKU045,239,213.0,230.0,187.0,217.25,232.28
2024-06-16,SKU046,76,67.0,80.0,76.0,74.75,75.98
2024-06-16,SKU047,102,113.0,132.0,127.0,118.5,103.71
2024-06-16,SKU048,67,68.0,76.0,66.0,69.25,68.08
2024-06-16,SKU049,190,194.0,196.0,178.0,189.5,189.42
2024-06-16,SKU050,49,52.0,50.0,37.0,47.0,49.95
2024-06-23,SKU001,100,106.0,126.0,108.0,110.0,99.52
2024-06-23,SKU002,62,82.0,76.0,77.0,74.25,63.52
2024-06-23,SKU003,57,47.0,52.0,60.0,54.0,56.24
2024-06-23,SKU004,37,40.0,41.0,28.0,36.5,36.81
2024-06-23,SKU005,149,138.0,157.0,124.0,142.0,149.26
2024-06-23,SKU006,42,41.0,33.0,46.0,40.5,41.4
2024-06-23,SKU007,219,203.0,196.0,242.0,215.0,219.39
2024-06-23,SKU008,134,106.0,125.0,140.0,126.25,131.42
2024-06-23,SKU009,64,93.0,94.0,74.0,81.25,67.99
2024-06-23,SKU010,153,141.0,151.0,158.0,150.75,152.02
2024-06-23,SKU011,16,19.0,24.0,26.0,21.25,17.01
2024-06-23,SKU012,213,230.0,205.0,204.0,213.0,215.97
2024-06-23,SKU013,107,92.0,112.0,134.0,111.25,107.56
2024-06-23,SKU014,176,175.0,174.0,199.0,181.0,177.33
2024-06-23,SKU015,29,36.0,41.0,32.0,34.5,31.13
2024-06-23,SKU016,106,107.0,110.0,108.0,107.75,106.81
2024-06-23,SKU017,102,110.0,121.0,118.0,112.75,102.19
2024-06-23,SKU018,198,191.0,194.0,199.0,195.5,195.77
2024-06-23,SKU019,110,137.0,122.0,147.0,129.0,114.42
2024-06-23,SKU020,122,127.0,104.0,117.0,117.5,122.15
2024-06-23,SKU021,56,76.0,59.0,73.0,66.0,57.81
2024-06-23,SKU022,94,91.0,63.0,78.0,81.5,90.3
2024-06-23,SKU023,124,114.0,116.0,123.0,119.25,126.63
2024-06-23,SKU024,114,95.0,97.0,118.0,106.0,112.96
2024-06-23,SKU025,18,16.0,21.0,16.0,17.75,17.98
2024-06-23,SKU026,211,175.0,183.0,201.0,192.5,206.95
2024-06-23,SKU027,200,219.0,179.0,210.0,202.0,201.93
2024-06-23,SKU028,52,48.0,32.0,52.0,46.0,49.32
2024-06-23,SKU029,128,142.0,129.0,132.0,132.75,129.2
2024-06-23,SKU030,28,47.0,29.0,40.0,36.0,30.15
2024-06-23,SKU031,152,150.0,151.0,160.0,153.25,153.32
2024-06-23,SKU032,74,65.0,83.0,84.0,76.5,72.83
2024-06-23,SKU033,158,152.0,146.0,145.0,150.25,157.21
2024-06-23,SKU034,170,165.0,171.0,170.0,169.0,169.91
2024-06-23,SKU035,159,195.0,166.0,176.0,174.0,162.42
2024-06-23,SKU036,27,41.0,43.0,45.0,39.0,29.33
2024-06-23,SKU037,191,186.0,203.0,207.0,196.75,191.45
2024-06-23,SKU038,50,65.0,63.0,67.0,61.25,52.33
2024-06-23,SKU039,25,24.0,25.0,27.0,25.25,25.06
2024-06-23,SKU040,124,128.0,128.0,135.0,128.75,123.11
2024-06-23,SKU041,89,90.0,89.0,100.0,92.0,90.41
2024-06-23,SKU042,184,195.0,158.0,212.0,187.25,181.28
2024-06-23,SKU043,169,179.0,169.0,191.0,177.0,172.33
2024-06-23,SKU044,77,81.0,78.0,85.0,80.25,78.22
2024-06-23,SKU045,217,239.0,213.0,230.0,224.75,220.21
2024-06-23,SKU046,64,76.0,67.0,80.0,71.75,66.8
2024-06-23,SKU047,133,102.0,113.0,132.0,120.0,129.95
2024-06-23,SKU048,74,67.0,68.0,76.0,71.25,74.15
2024-06-23,SKU049,187,190.0,194.0,196.0,191.75,187.4
2024-06-23,SKU050,50,49.0,52.0,50.0,50.25,50.01
2024-06-30,SKU001,124,100.0,106.0,126.0,114.0,121.63
2024-06-30,SKU002,80,62.0,82.0,76.0,75.0,77.94
2024-06-30,SKU003,30,57.0,47.0,52.0,46.5,32.71
2024-06-30,SKU004,34,37.0,40.0,41.0,38.0,34.18
2024-06-30,SKU005,145,149.0,138.0,157.0,147.25,145.49
2024-06-30,SKU006,59,42.0,41.0,33.0,43.75,54.67
2024-06-30,SKU007,204,219.0,203.0,196.0,205.5,204.79
2024-06-30,SKU008,144,134.0,106.0,125.0,127.25,140.74
2024-06-30,SKU009,84,64.0,93.0,94.0,83.75,83.25
2024-06-30,SKU010,129,153.0,141.0,151.0,143.5,133.08
2024-06-30,SKU011,19,16.0,19.0,24.0,19.5,18.77
2024-06-30,SKU012,202,213.0,230.0,205.0,212.5,204.1
2024-06-30,SKU013,107,107.0,92.0,112.0,104.5,106.6
2024-06-30,SKU014,184,176.0,175.0,174.0,177.25,182.65
2024-06-30,SKU015,29,29.0,36.0,41.0,33.75,30.37
2024-06-30,SKU016,108,106.0,107.0,110.0,107.75,108.08
2024-06-30,SKU017,125,102.0,110.0,121.0,114.5,124.22
2024-06-30,SKU018,197,198.0,191.0,194.0,195.0,195.19
2024-06-30,SKU019,117,110.0,137.0,122.0,121.5,116.81
2024-06-30,SKU020,113,122.0,127.0,104.0,116.5,112.85
2024-06-30,SKU021,56,56.0,76.0,59.0,61.75,57.69
2024-06-30,SKU022,76,94.0,91.0,63.0,81.0,75.86
2024-06-30,SKU023,118,124.0,114.0,116.0,118.0,120.17
2024-06-30,SKU024,105,114.0,95.0,97.0,102.75,105.81
2024-06-30,SKU025,25,18.0,16.0,21.0,20.0,23.97
2024-06-30,SKU026,182,211.0,175.0,183.0,187.75,187.54
2024-06-30,SKU027,178,200.0,219.0,179.0,194.0,181.52
2024-06-30,SKU028,52,52.0,48.0,32.0,46.0,49.99
2024-06-30,SKU029,127,128.0,142.0,129.0,131.5,126.01
2024-06-30,SKU030,30,28.0,47.0,29.0,33.5,30.27
2024-06-30,SKU031,164,152.0,150.0,151.0,154.25,162.74
2024-06-30,SKU032,71,74.0,65.0,83.0,73.25,71.39
2024-06-30,SKU033,146,158.0,152.0,146.0,150.5,147.57
2024-06-30,SKU034,181,170.0,165.0,171.0,171.75,179.32
2024-06-30,SKU035,177,159.0,195.0,166.0,174.25,173.81
2024-06-30,SKU036,39,27.0,41.0,43.0,37.5,38.23
2024-06-30,SKU037,211,191.0,186.0,203.0,197.75,208.52
2024-06-30,SKU038,74,50.0,65.0,63.0,63.0,72.43
2024-06-30,SKU039,21,25.0,24.0,25.0,23.75,21.74
2024-06-30,SKU040,97,124.0,128.0,128.0,119.25,98.89
2024-06-30,SKU041,88,89.0,90.0,89.0,89.0,87.81
2024-06-30,SKU042,159,184.0,195.0,158.0,174.0,162.61
2024-06-30,SKU043,172,169.0,179.0,169.0,172.25,171.97
2024-06-30,SKU044,90,77.0,81.0,78.0,81.5,88.65
2024-06-30,SKU045,204,217.0,239.0,213.0,218.25,206.87
2024-06-30,SKU046,65,64.0,76.0,67.0,68.0,65.96
2024-06-30,SKU047,128,133.0,102.0,113.0,119.0,128.63
2024-06-30,SKU048,57,74.0,67.0,68.0,66.5,58.68
2024-06-30,SKU049,200,187.0,190.0,194.0,192.75,199.86
2024-06-30,SKU050,47,50.0,49.0,52.0,49.5,47.48
2024-07-07,SKU001,84,124.0,100.0,106.0,103.5,89.93
2024-07-07,SKU002,81,80.0,62.0,82.0,76.25,78.07
2024-07-07,SKU003,43,30.0,57.0,47.0,44.25,42.17
2024-07-07,SKU004,28,34.0,37.0,40.0,34.75,29.67
2024-07-07,SKU005,105,145.0,149.0,138.0,134.25,113.26
2024-07-07,SKU006,54,59.0,42.0,41.0,49.0,54.22
2024-07-07,SKU007,187,204.0,219.0,203.0,203.25,187.12
2024-07-07,SKU008,112,144.0,134.0,106.0,124.0,116.65
2024-07-07,SKU009,78,84.0,64.0,93.0,79.75,77.98
2024-07-07,SKU010,103,129.0,153.0,141.0,131.5,108.76
2024-07-07,SKU011,19,19.0,16.0,19.0,18.25,19.18
2024-07-07,SKU012,173,202.0,213.0,230.0,204.5,181.29
2024-07-07,SKU013,94,107.0,107.0,92.0,100.0,95.57
2024-07-07,SKU014,137,184.0,176.0,175.0,168.0,143.77
2024-07-07,SKU015,27,29.0,29.0,36.0,30.25,27.93
2024-07-07,SKU016,93,108.0,106.0,107.0,103.5,92.97
2024-07-07,SKU017,112,125.0,102.0,110.0,112.25,111.76
2024-07-07,SKU018,163,197.0,198.0,191.0,187.25,167.4
2024-07-07,SKU019,113,117.0,110.0,137.0,119.25,114.33
2024-07-07,SKU020,94,113.0,122.0,127.0,114.0,97.71
2024-07-07,SKU021,60,56.0,56.0,76.0,62.0,59.48
2024-07-07,SKU022,58,76.0,94.0,91.0,79.75,60.61
2024-07-07,SKU023,109,118.0,124.0,114.0,116.25,108.41
2024-07-07,SKU024,100,105.0,114.0,95.0,103.5,101.62
2024-07-07,SKU025,24,25.0,18.0,16.0,20.75,23.5
2024-07-07,SKU026,163,182.0,211.0,175.0,182.75,167.1
2024-07-07,SKU027,149,178.0,200.0,219.0,186.5,152.16
2024-07-07,SKU028,42,52.0,52.0,48.0,48.5,43.0
2024-07-07,SKU029,118,127.0,128.0,142.0,128.75,119.63
2024-07-07,SKU030,36,30.0,28.0,47.0,35.25,36.04
2024-07-07,SKU031,133,164.0,152.0,150.0,149.75,135.49
2024-07-07,SKU032,66,71.0,74.0,65.0,69.0,66.34
2024-07-07,SKU033,134,146.0,158.0,152.0,147.5,136.15
2024-07-07,SKU034,148,181.0,170.0,165.0,166.0,151.63
2024-07-07,SKU035,143,177.0,159.0,195.0,168.5,147.46
2024-07-07,SKU036,21,39.0,27.0,41.0,32.0,23.58
2024-07-07,SKU037,166,211.0,191.0,186.0,188.5,175.01
2024-07-07,SKU038,52,74.0,50.0,65.0,60.25,54.83
2024-07-07,SKU039,21,21.0,25.0,24.0,22.75,21.24
2024-07-07,SKU040,103,97.0,124.0,128.0,113.0,104.49
2024-07-07,SKU041,62,88.0,89.0,90.0,82.25,66.44
2024-07-07,SKU042,142,159.0,184.0,195.0,170.0,148.67
2024-07-07,SKU043,136,172.0,169.0,179.0,164.0,142.85
2024-07-07,SKU044,71,90.0,77.0,81.0,79.75,71.9
2024-07-07,SKU045,177,204.0,217.0,239.0,209.25,186.17
2024-07-07,SKU046,63,65.0,64.0,76.0,67.0,64.31
2024-07-07,SKU047,119,128.0,133.0,102.0,120.5,118.21
2024-07-07,SKU048,64,57.0,74.0,67.0,65.5,64.42
2024-07-07,SKU049,167,200.0,187.0,190.0,186.0,173.25
2024-07-07,SKU050,44,47.0,50.0,49.0,47.5,44.29
2024-07-14,SKU001,101,84.0,124.0,100.0,102.25,101.46
2024-07-14,SKU002,74,81.0,80.0,62.0,74.25,74.29
2024-07-14,SKU003,32,43.0,30.0,57.0,40.5,35.07
2024-07-14,SKU004,33,28.0,34.0,37.0,33.0,32.82
2024-07-14,SKU005,114,105.0,145.0,149.0,128.25,116.17
2024-07-14,SKU006,42,54.0,59.0,42.0,49.25,44.95
2024-07-14,SKU007,179,187.0,204.0,219.0,197.25,181.72
2024-07-14,SKU008,120,112.0,144.0,134.0,127.5,120.18
2024-07-14,SKU009,63,78.0,84.0,64.0,72.25,66.1
2024-07-14,SKU010,113,103.0,129.0,153.0,124.5,115.89
2024-07-14,SKU011,27,19.0,19.0,16.0,20.25,26.16
2024-07-14,SKU012,174,173.0,202.0,213.0,190.5,173.22
2024-07-14,SKU013,95,94.0,107.0,107.0,100.75,94.75
2024-07-14,SKU014,158,137.0,184.0,176.0,163.75,157.42
2024-07-14,SKU015,30,27.0,29.0,29.0,28.75,30.14
2024-07-14,SKU016,99,93.0,108.0,106.0,101.5,98.24
2024-07-14,SKU017,109,112.0,125.0,102.0,112.0,108.75
2024-07-14,SKU018,181,163.0,197.0,198.0,184.75,181.69
2024-07-14,SKU019,115,113.0,117.0,110.0,113.75,115.36
2024-07-14,SKU020,96,94.0,113.0,122.0,106.25,96.84
2024-07-14,SKU021,53,60.0,56.0,56.0,56.25,53.22
2024-07-14,SKU022,74,58.0,76.0,94.0,75.5,73.66
2024-07-14,SKU023,88,109.0,118.0,124.0,109.75,91.34
2024-07-14,SKU024,83,100.0,105.0,114.0,100.5,85.73
2024-07-14,SKU025,23,24.0,25.0,18.0,22.5,22.71
2024-07-14,SKU026,138,163.0,182.0,211.0,173.5,143.62
2024-07-14,SKU027,168,149.0,178.0,200.0,173.75,165.99
2024-07-14,SKU028,37,42.0,52.0,52.0,45.75,38.58
2024-07-14,SKU029,101,118.0,127.0,128.0,118.5,101.42
2024-07-14,SKU030,27,36.0,30.0,28.0,30.25,27.54
2024-07-14,SKU031,120,133.0,164.0,152.0,142.25,128.11
2024-07-14,SKU032,69,66.0,71.0,74.0,70.0,69.9
2024-07-14,SKU033,136,134.0,146.0,158.0,143.5,137.27
2024-07-14,SKU034,120,148.0,181.0,170.0,154.75,127.94
2024-07-14,SKU035,159,143.0,177.0,159.0,159.5,160.41
2024-07-14,SKU036,21,21.0,39.0,27.0,27.0,22.06
2024-07-14,SKU037,181,166.0,211.0,191.0,187.25,181.82
2024-07-14,SKU038,46,52.0,74.0,50.0,55.5,49.4
2024-07-14,SKU039,18,21.0,21.0,25.0,21.25,18.77
2024-07-14,SKU040,116,103.0,97.0,124.0,110.0,114.38
2024-07-14,SKU041,63,62.0,88.0,89.0,75.5,64.4
2024-07-14,SKU042,145,142.0,159.0,184.0,157.5,145.33
2024-07-14,SKU043,172,136.0,172.0,169.0,162.25,169.92
2024-07-14,SKU044,71,71.0,90.0,77.0,77.25,73.01
2024-07-14,SKU045,150,177.0,204.0,217.0,187.0,154.96
2024-07-14,SKU046,58,63.0,65.0,64.0,62.5,60.75
2024-07-14,SKU047,84,119.0,128.0,133.0,116.0,90.74
2024-07-14,SKU048,66,64.0,57.0,74.0,65.25,65.4
2024-07-14,SKU049,165,167.0,200.0,187.0,179.75,166.45
2024-07-14,SKU050,42,44.0,47.0,50.0,45.75,41.49
2024-07-21,SKU001,75,101.0,84.0,124.0,96.0,81.77
2024-07-21,SKU002,84,74.0,81.0,80.0,79.75,83.78
2024-07-21,SKU003,28,32.0,43.0,30.0,33.25,29.03
2024-07-21,SKU004,35,33.0,28.0,34.0,32.5,34.15
2024-07-21,SKU005,109,114.0,105.0,145.0,118.25,110.75
2024-07-21,SKU006,47,42.0,54.0,59.0,50.5,47.76
2024-07-21,SKU007,180,179.0,187.0,204.0,187.5,182.89
2024-07-21,SKU008,108,120.0,112.0,144.0,121.0,109.01
2024-07-21,SKU009,85,63.0,78.0,84.0,77.5,85.16
2024-07-21,SKU010,111,113.0,103.0,129.0,114.0,112.8
2024-07-21,SKU011,12,27.0,19.0,19.0,19.25,12.8
2024-07-21,SKU012,190,174.0,173.0,202.0,184.75,188.15
2024-07-21,SKU013,86,95.0,94.0,107.0,95.5,87.76
2024-07-21,SKU014,151,158.0,137.0,184.0,157.5,150.88
2024-07-21,SKU015,31,30.0,27.0,29.0,29.25,30.33
2024-07-21,SKU016,78,99.0,93.0,108.0,94.5,80.18
2024-07-21,SKU017,106,109.0,112.0,125.0,113.0,106.91
2024-07-21,SKU018,169,181.0,163.0,197.0,177.5,170.39
2024-07-21,SKU019,101,115.0,113.0,117.0,111.5,102.58
2024-07-21,SKU020,112,96.0,94.0,113.0,103.75,109.57
2024-07-21,SKU021,63,53.0,60.0,56.0,58.0,61.4
2024-07-21,SKU022,68,74.0,58.0,76.0,69.0,66.86
2024-07-21,SKU023,102,88.0,109.0,118.0,104.25,103.31
2024-07-21,SKU024,92,83.0,100.0,105.0,95.0,91.63
2024-07-21,SKU025,16,23.0,24.0,25.0,22.0,16.95
2024-07-21,SKU026,157,138.0,163.0,182.0,160.0,157.45
2024-07-21,SKU027,167,168.0,149.0,178.0,165.5,168.29
2024-07-21,SKU028,39,37.0,42.0,52.0,42.5,39.51
2024-07-21,SKU029,86,101.0,118.0,127.0,108.0,90.46
2024-07-21,SKU030,27,27.0,36.0,30.0,30.0,27.6
2024-07-21,SKU031,126,120.0,133.0,164.0,135.75,126.29
2024-07-21,SKU032,75,69.0,66.0,71.0,70.25,73.11
2024-07-21,SKU033,122,136.0,134.0,146.0,134.5,124.66
2024-07-21,SKU034,127,120.0,148.0,181.0,144.0,130.05
2024-07-21,SKU035,132,159.0,143.0,177.0,152.75,135.46
2024-07-21,SKU036,49,21.0,21.0,39.0,32.5,44.35
2024-07-21,SKU037,178,181.0,166.0,211.0,184.0,179.33
2024-07-21,SKU038,54,46.0,52.0,74.0,56.5,54.04
2024-07-21,SKU039,18,18.0,21.0,21.0,19.5,18.58
2024-07-21,SKU040,102,116.0,103.0,97.0,104.5,104.5
2024-07-21,SKU041,70,63.0,62.0,88.0,70.75,70.55
2024-07-21,SKU042,147,145.0,142.0,159.0,148.25,147.84
2024-07-21,SKU043,141,172.0,136.0,172.0,155.25,144.34
2024-07-21,SKU044,78,71.0,71.0,90.0,77.5,77.92
2024-07-21,SKU045,157,150.0,177.0,204.0,172.0,156.4
2024-07-21,SKU046,60,58.0,63.0,65.0,61.5,60.06
2024-07-21,SKU047,102,84.0,119.0,128.0,108.25,100.7
2024-07-21,SKU048,58,66.0,64.0,57.0,61.25,57.8
2024-07-21,SKU049,188,165.0,167.0,200.0,180.0,187.39
2024-07-21,SKU050,50,42.0,44.0,47.0,45.75,48.71
2024-07-28,SKU001,96,75.0,101.0,84.0,89.0,94.54
2024-07-28,SKU002,59,84.0,74.0,81.0,74.5,61.49
2024-07-28,SKU003,42,28.0,32.0,43.0,36.25,40.91
2024-07-28,SKU004,32,35.0,33.0,28.0,32.0,31.47
2024-07-28,SKU005,114,109.0,114.0,105.0,110.5,113.89
2024-07-28,SKU006,48,47.0,42.0,54.0,47.75,49.07
2024-07-28,SKU007,172,180.0,179.0,187.0,179.5,174.11
2024-07-28,SKU008,134,108.0,120.0,112.0,118.5,132.68
2024-07-28,SKU009,82,85.0,63.0,78.0,77.0,79.19
2024-07-28,SKU010,119,111.0,113.0,103.0,111.5,118.52
2024-07-28,SKU011,14,12.0,27.0,19.0,18.0,14.7
2024-07-28,SKU012,198,190.0,174.0,173.0,183.75,196.4
2024-07-28,SKU013,107,86.0,95.0,94.0,95.5,106.12
2024-07-28,SKU014,154,151.0,158.0,137.0,150.0,154.17
2024-07-28,SKU015,26,31.0,30.0,27.0,28.5,26.16
2024-07-28,SKU016,92,78.0,99.0,93.0,90.5,91.78
2024-07-28,SKU017,104,106.0,109.0,112.0,107.75,105.41
2024-07-28,SKU018,158,169.0,181.0,163.0,167.75,159.84
2024-07-28,SKU019,108,101.0,115.0,113.0,109.25,107.17
2024-07-28,SKU020,97,112.0,96.0,94.0,99.75,98.54
2024-07-28,SKU021,55,63.0,53.0,60.0,57.75,54.96
2024-07-28,SKU022,70,68.0,74.0,58.0,67.5,69.95
2024-07-28,SKU023,109,102.0,88.0,109.0,102.0,108.09
2024-07-28,SKU024,92,92.0,83.0,100.0,91.75,92.79
2024-07-28,SKU025,14,16.0,23.0,24.0,19.25,14.35
2024-07-28,SKU026,137,157.0,138.0,163.0,148.75,139.25
2024-07-28,SKU027,154,167.0,168.0,149.0,159.5,155.71
2024-07-28,SKU028,46,39.0,37.0,42.0,41.0,44.2
2024-07-28,SKU029,134,86.0,101.0,118.0,109.75,125.96
2024-07-28,SKU030,32,27.0,27.0,36.0,30.5,31.89
2024-07-28,SKU031,122,126.0,120.0,133.0,125.25,122.44
2024-07-28,SKU032,53,75.0,69.0,66.0,65.75,56.07
2024-07-28,SKU033,125,122.0,136.0,134.0,129.25,125.94
2024-07-28,SKU034,132,127.0,120.0,148.0,131.75,131.09
2024-07-28,SKU035,159,132.0,159.0,143.0,148.25,155.96
2024-07-28,SKU036,31,49.0,21.0,21.0,30.5,32.95
2024-07-28,SKU037,169,178.0,181.0,166.0,173.5,171.28
2024-07-28,SKU038,60,54.0,46.0,52.0,53.0,58.22
2024-07-28,SKU039,16,18.0,18.0,21.0,18.25,16.44
2024-07-28,SKU040,109,102.0,116.0,103.0,107.5,109.23
2024-07-28,SKU041,66,70.0,63.0,62.0,65.25,66.14
2024-07-28,SKU042,158,147.0,145.0,142.0,148.0,156.08
2024-07-28,SKU043,160,141.0,172.0,136.0,152.25,154.5
2024-07-28,SKU044,78,78.0,71.0,71.0,74.5,77.63
2024-07-28,SKU045,181,157.0,150.0,177.0,166.25,177.57
2024-07-28,SKU046,69,60.0,58.0,63.0,62.5,69.65
2024-07-28,SKU047,108,102.0,84.0,119.0,103.25,106.36
2024-07-28,SKU048,58,58.0,66.0,64.0,61.5,58.37
2024-07-28,SKU049,174,188.0,165.0,167.0,173.5,172.56
2024-07-28,SKU050,29,50.0,42.0,44.0,41.25,30.87
2024-08-04,SKU001,94,96.0,75.0,101.0,91.5,93.29
2024-08-04,SKU002,51,59.0,84.0,74.0,67.0,54.06
2024-08-04,SKU003,45,42.0,28.0,32.0,36.75,43.3
2024-08-04,SKU004,32,32.0,35.0,33.0,33.0,31.78
2024-08-04,SKU005,108,114.0,109.0,114.0,111.25,109.31
2024-08-04,SKU006,45,48.0,47.0,42.0,45.5,45.05
2024-08-04,SKU007,160,172.0,180.0,179.0,172.75,160.36
2024-08-04,SKU008,100,134.0,108.0,120.0,115.5,102.34
2024-08-04,SKU009,85,82.0,85.0,63.0,78.75,82.92
2024-08-04,SKU010,110,119.0,111.0,113.0,113.25,111.17
2024-08-04,SKU011,12,14.0,12.0,27.0,16.25,14.04
2024-08-04,SKU012,163,198.0,190.0,174.0,181.25,166.29
2024-08-04,SKU013,104,107.0,86.0,95.0,98.0,104.17
2024-08-04,SKU014,132,154.0,151.0,158.0,148.75,134.33
2024-08-04,SKU015,24,26.0,31.0,30.0,27.75,25.0
2024-08-04,SKU016,90,92.0,78.0,99.0,89.75,91.19
2024-08-04,SKU017,98,104.0,106.0,109.0,104.25,100.59
2024-08-04,SKU018,172,158.0,169.0,181.0,170.0,170.37
2024-08-04,SKU019,115,108.0,101.0,115.0,109.75,114.21
2024-08-04,SKU020,102,97.0,112.0,96.0,101.75,103.64
2024-08-04,SKU021,55,55.0,63.0,53.0,56.5,56.11
2024-08-04,SKU022,59,70.0,68.0,74.0,67.75,60.63
2024-08-04,SKU023,105,109.0,102.0,88.0,101.0,105.66
2024-08-04,SKU024,88,92.0,92.0,83.0,88.75,88.37
2024-08-04,SKU025,18,14.0,16.0,23.0,17.75,17.59
2024-08-04,SKU026,144,137.0,157.0,138.0,144.0,144.16
2024-08-04,SKU027,151,154.0,167.0,168.0,160.0,152.87
2024-08-04,SKU028,30,46.0,39.0,37.0,38.0,31.24
2024-08-04,SKU029,100,134.0,86.0,101.0,105.25,102.65
2024-08-04,SKU030,38,32.0,27.0,27.0,31.0,36.71
2024-08-04,SKU031,98,122.0,126.0,120.0,116.5,98.78
2024-08-04,SKU032,46,53.0,75.0,69.0,60.75,48.07
2024-08-04,SKU033,112,125.0,122.0,136.0,123.75,114.1
2024-08-04,SKU034,117,132.0,127.0,120.0,124.0,119.69
2024-08-04,SKU035,144,159.0,132.0,159.0,148.5,146.43
2024-08-04,SKU036,25,31.0,49.0,21.0,31.5,28.45
2024-08-04,SKU037,179,169.0,178.0,181.0,176.75,178.96
2024-08-04,SKU038,52,60.0,54.0,46.0,53.0,51.17
2024-08-04,SKU039,15,16.0,18.0,18.0,16.75,15.94
2024-08-04,SKU040,109,109.0,102.0,116.0,109.0,109.86
2024-08-04,SKU041,71,66.0,70.0,63.0,67.5,70.77
2024-08-04,SKU042,143,158.0,147.0,145.0,148.25,143.25
2024-08-04,SKU043,160,160.0,141.0,172.0,158.25,158.68
2024-08-04,SKU044,66,78.0,78.0,71.0,73.25,67.58
2024-08-04,SKU045,172,181.0,157.0,150.0,165.0,171.0
2024-08-04,SKU046,62,69.0,60.0,58.0,62.25,62.7
2024-08-04,SKU047,99,108.0,102.0,84.0,98.25,100.13
2024-08-04,SKU048,55,58.0,58.0,66.0,59.25,57.1
2024-08-04,SKU049,176,174.0,188.0,165.0,175.75,174.24
2024-08-04,SKU050,39,29.0,50.0,42.0,40.0,38.56
2024-08-11,SKU001,82,94.0,96.0,75.0,86.75,81.69
2024-08-11,SKU002,65,51.0,59.0,84.0,64.75,65.68
2024-08-11,SKU003,35,45.0,42.0,28.0,37.5,36.5
2024-08-11,SKU004,33,32.0,32.0,35.0,33.0,33.1
2024-08-11,SKU005,95,108.0,114.0,109.0,106.5,97.93
2024-08-11,SKU006,25,45.0,48.0,47.0,41.25,27.85
2024-08-11,SKU007,141,160.0,172.0,180.0,163.25,147.21
2024-08-11,SKU008,97,100.0,134.0,108.0,109.75,99.57
2024-08-11,SKU009,66,85.0,82.0,85.0,79.5,67.44
2024-08-11,SKU010,103,110.0,119.0,111.0,110.75,104.48
2024-08-11,SKU011,16,12.0,14.0,12.0,13.5,15.35
2024-08-11,SKU012,163,163.0,198.0,190.0,178.5,168.28
2024-08-11,SKU013,85,104.0,107.0,86.0,95.5,86.65
2024-08-11,SKU014,144,132.0,154.0,151.0,145.25,142.75
2024-08-11,SKU015,22,24.0,26.0,31.0,25.75,22.79
2024-08-11,SKU016,82,90.0,92.0,78.0,85.5,83.21
2024-08-11,SKU017,100,98.0,104.0,106.0,102.0,98.59
2024-08-11,SKU018,164,172.0,158.0,169.0,165.75,164.25
2024-08-11,SKU019,89,115.0,108.0,101.0,103.25,90.25
2024-08-11,SKU020,88,102.0,97.0,112.0,99.75,90.34
2024-08-11,SKU021,52,55.0,55.0,63.0,56.25,52.78
2024-08-11,SKU022,64,59.0,70.0,68.0,65.25,64.53
2024-08-11,SKU023,105,105.0,109.0,102.0,105.25,104.94
2024-08-11,SKU024,83,88.0,92.0,92.0,88.75,83.98
2024-08-11,SKU025,17,18.0,14.0,16.0,16.25,16.39
2024-08-11,SKU026,138,144.0,137.0,157.0,144.0,140.74
2024-08-11,SKU027,149,151.0,154.0,167.0,155.25,148.82
2024-08-11,SKU028,28,30.0,46.0,39.0,35.75,30.86
2024-08-11,SKU029,98,100.0,134.0,86.0,104.5,102.09
2024-08-11,SKU030,45,38.0,32.0,27.0,35.5,42.51
2024-08-11,SKU031,145,98.0,122.0,126.0,122.75,138.18
2024-08-11,SKU032,61,46.0,53.0,75.0,58.75,58.54
2024-08-11,SKU033,107,112.0,125.0,122.0,116.5,106.81
2024-08-11,SKU034,129,117.0,132.0,127.0,126.25,128.27
2024-08-11,SKU035,137,144.0,159.0,132.0,143.0,140.93
2024-08-11,SKU036,21,25.0,31.0,49.0,31.5,24.26
2024-08-11,SKU037,144,179.0,169.0,178.0,167.5,145.42
2024-08-11,SKU038,51,52.0,60.0,54.0,54.25,52.92
2024-08-11,SKU039,16,15.0,16.0,18.0,16.25,15.27
2024-08-11,SKU040,103,109.0,109.0,102.0,105.75,103.16
2024-08-11,SKU041,71,71.0,66.0,70.0,69.5,69.59
2024-08-11,SKU042,139,143.0,158.0,147.0,146.75,141.49
2024-08-11,SKU043,123,160.0,160.0,141.0,146.0,128.89
2024-08-11,SKU044,60,66.0,78.0,78.0,70.5,62.3
2024-08-11,SKU045,169,172.0,181.0,157.0,169.75,169.57
2024-08-11,SKU046,73,62.0,69.0,60.0,66.0,70.71
2024-08-11,SKU047,93,99.0,108.0,102.0,100.5,92.58
2024-08-11,SKU048,53,55.0,58.0,58.0,56.0,52.73
2024-08-11,SKU049,164,176.0,174.0,188.0,175.5,165.97
2024-08-11,SKU050,33,39.0,29.0,50.0,37.75,34.48
2024-08-18,SKU001,89,82.0,94.0,96.0,90.25,89.54
2024-08-18,SKU002,58,65.0,51.0,59.0,58.25,57.37
2024-08-18,SKU003,37,35.0,45.0,42.0,39.75,37.32
2024-08-18,SKU004,30,33.0,32.0,32.0,31.75,29.92
2024-08-18,SKU005,103,95.0,108.0,114.0,105.0,103.74
2024-08-18,SKU006,39,25.0,45.0,48.0,39.25,38.37
2024-08-18,SKU007,164,141.0,160.0,172.0,159.25,161.6
2024-08-18,SKU008,99,97.0,100.0,134.0,107.5,104.28
2024-08-18,SKU009,70,66.0,85.0,82.0,75.75,71.3
2024-08-18,SKU010,103,103.0,110.0,119.0,108.75,104.96
2024-08-18,SKU011,17,16.0,12.0,14.0,14.75,16.24
2024-08-18,SKU012,154,163.0,163.0,198.0,169.5,156.76
2024-08-18,SKU013,71,85.0,104.0,107.0,91.75,74.73
2024-08-18,SKU014,123,144.0,132.0,154.0,138.25,125.68
2024-08-18,SKU015,24,22.0,24.0,26.0,24.0,24.61
2024-08-18,SKU016,96,82.0,90.0,92.0,90.0,96.25
2024-08-18,SKU017,94,100.0,98.0,104.0,99.0,93.6
2024-08-18,SKU018,167,164.0,172.0,158.0,165.25,168.52
2024-08-18,SKU019,93,89.0,115.0,108.0,101.25,92.99
2024-08-18,SKU020,96,88.0,102.0,97.0,95.75,96.65
2024-08-18,SKU021,68,52.0,55.0,55.0,57.5,65.84
2024-08-18,SKU022,56,64.0,59.0,70.0,62.25,56.25
2024-08-18,SKU023,82,105.0,105.0,109.0,100.25,83.5
2024-08-18,SKU024,86,83.0,88.0,92.0,87.25,84.66
2024-08-18,SKU025,17,17.0,18.0,14.0,16.5,17.31
2024-08-18,SKU026,138,138.0,144.0,137.0,139.25,138.32
2024-08-18,SKU027,158,149.0,151.0,154.0,153.0,158.41
2024-08-18,SKU028,31,28.0,30.0,46.0,33.75,31.01
2024-08-18,SKU029,107,98.0,100.0,134.0,109.75,108.04
2024-08-18,SKU030,25,45.0,38.0,32.0,35.0,27.46
2024-08-18,SKU031,120,145.0,98.0,122.0,121.25,121.13
2024-08-18,SKU032,54,61.0,46.0,53.0,53.5,53.11
2024-08-18,SKU033,103,107.0,112.0,125.0,111.75,105.26
2024-08-18,SKU034,120,129.0,117.0,132.0,124.5,121.17
2024-08-18,SKU035,137,137.0,144.0,159.0,144.25,139.73
2024-08-18,SKU036,24,21.0,25.0,31.0,25.25,24.22
2024-08-18,SKU037,156,144.0,179.0,169.0,162.0,158.71
2024-08-18,SKU038,51,51.0,52.0,60.0,53.5,51.44
2024-08-18,SKU039,24,16.0,15.0,16.0,17.75,22.99
2024-08-18,SKU040,109,103.0,109.0,109.0,107.5,109.24
2024-08-18,SKU041,71,71.0,71.0,66.0,69.75,69.91
2024-08-18,SKU042,141,139.0,143.0,158.0,145.25,143.76
2024-08-18,SKU043,136,123.0,160.0,160.0,144.75,138.39
2024-08-18,SKU044,76,60.0,66.0,78.0,70.0,74.78
2024-08-18,SKU045,197,169.0,172.0,181.0,179.75,193.01
2024-08-18,SKU046,59,73.0,62.0,69.0,65.75,59.61
2024-08-18,SKU047,66,93.0,99.0,108.0,91.5,72.09
2024-08-18,SKU048,59,53.0,55.0,58.0,56.25,57.67
2024-08-18,SKU049,151,164.0,176.0,174.0,166.25,153.95
2024-08-18,SKU050,49,33.0,39.0,29.0,37.5,48.69
2024-08-25,SKU001,98,89.0,82.0,94.0,90.75,96.96
2024-08-25,SKU002,46,58.0,65.0,51.0,55.0,48.83
2024-08-25,SKU003,38,37.0,35.0,45.0,38.75,37.77
2024-08-25,SKU004,29,30.0,33.0,32.0,31.0,29.73
2024-08-25,SKU005,113,103.0,95.0,108.0,104.75,111.46
2024-08-25,SKU006,34,39.0,25.0,45.0,35.75,35.5
2024-08-25,SKU007,160,164.0,141.0,160.0,156.25,159.11
2024-08-25,SKU008,113,99.0,97.0,100.0,102.25,111.99
2024-08-25,SKU009,59,70.0,66.0,85.0,70.0,61.19
2024-08-25,SKU010,99,103.0,103.0,110.0,103.75,98.12
2024-08-25,SKU011,9,17.0,16.0,12.0,13.5,11.13
2024-08-25,SKU012,169,154.0,163.0,163.0,162.25,167.97
2024-08-25,SKU013,91,71.0,85.0,104.0,87.75,90.88
2024-08-25,SKU014,129,123.0,144.0,132.0,132.0,128.81
2024-08-25,SKU015,25,24.0,22.0,24.0,23.75,24.99
2024-08-25,SKU016,78,96.0,82.0,90.0,86.5,78.18
2024-08-25,SKU017,95,94.0,100.0,98.0,96.75,95.68
2024-08-25,SKU018,169,167.0,164.0,172.0,168.0,168.34
2024-08-25,SKU019,104,93.0,89.0,115.0,100.25,103.52
2024-08-25,SKU020,95,96.0,88.0,102.0,95.25,94.92
2024-08-25,SKU021,59,68.0,52.0,55.0,58.5,58.83
2024-08-25,SKU022,68,56.0,64.0,59.0,61.75,66.24
2024-08-25,SKU023,99,82.0,105.0,105.0,97.75,97.84
2024-08-25,SKU024,100,86.0,83.0,88.0,89.25,97.49
2024-08-25,SKU025,19,17.0,17.0,18.0,17.75,19.2
2024-08-25,SKU026,144,138.0,138.0,144.0,141.0,144.02
2024-08-25,SKU027,165,158.0,149.0,151.0,155.75,163.7
2024-08-25,SKU028,37,31.0,28.0,30.0,31.5,36.43
2024-08-25,SKU029,106,107.0,98.0,100.0,102.75,104.79
2024-08-25,SKU030,30,25.0,45.0,38.0,34.5,31.9
2024-08-25,SKU031,104,120.0,145.0,98.0,116.75,107.87
2024-08-25,SKU032,42,54.0,61.0,46.0,50.75,44.53
2024-08-25,SKU033,109,103.0,107.0,112.0,107.75,109.01
2024-08-25,SKU034,95,120.0,129.0,117.0,115.25,97.26
2024-08-25,SKU035,125,137.0,137.0,144.0,135.75,127.05
2024-08-25,SKU036,34,24.0,21.0,25.0,26.0,32.37
2024-08-25,SKU037,134,156.0,144.0,179.0,153.25,136.39
2024-08-25,SKU038,42,51.0,51.0,52.0,49.0,42.88
2024-08-25,SKU039,29,24.0,16.0,15.0,21.0,26.77
2024-08-25,SKU040,110,109.0,103.0,109.0,107.75,110.08
2024-08-25,SKU041,67,71.0,71.0,71.0,70.0,66.94
2024-08-25,SKU042,126,141.0,139.0,143.0,137.25,127.02
2024-08-25,SKU043,123,136.0,123.0,160.0,135.5,124.58
2024-08-25,SKU044,55,76.0,60.0,66.0,64.25,56.21
2024-08-25,SKU045,130,197.0,169.0,172.0,167.0,136.28
2024-08-25,SKU046,60,59.0,73.0,62.0,63.5,61.57
2024-08-25,SKU047,101,66.0,93.0,99.0,89.75,97.01
2024-08-25,SKU048,59,59.0,53.0,55.0,56.5,59.66
2024-08-25,SKU049,138,151.0,164.0,176.0,157.25,140.92
2024-08-25,SKU050,29,49.0,33.0,39.0,37.5,29.82
2024-09-01,SKU001,92,98.0,89.0,82.0,90.25,91.44
2024-09-01,SKU002,69,46.0,58.0,65.0,59.5,67.35
2024-09-01,SKU003,40,38.0,37.0,35.0,37.5,40.53
2024-09-01,SKU004,22,29.0,30.0,33.0,28.5,23.28
2024-09-01,SKU005,122,113.0,103.0,95.0,108.25,120.89
2024-09-01,SKU006,55,34.0,39.0,25.0,38.25,52.55
2024-09-01,SKU007,151,160.0,164.0,141.0,154.0,154.07
2024-09-01,SKU008,107,113.0,99.0,97.0,104.0,108.15
2024-09-01,SKU009,58,59.0,70.0,66.0,63.25,59.91
2024-09-01,SKU010,96,99.0,103.0,103.0,100.25,95.78
2024-09-01,SKU011,17,9.0,17.0,16.0,14.75,15.73
2024-09-01,SKU012,176,169.0,154.0,163.0,165.5,174.53
2024-09-01,SKU013,86,91.0,71.0,85.0,83.25,86.94
2024-09-01,SKU014,135,129.0,123.0,144.0,132.75,133.04
2024-09-01,SKU015,28,25.0,24.0,22.0,24.75,27.32
2024-09-01,SKU016,98,78.0,96.0,82.0,88.5,95.38
2024-09-01,SKU017,85,95.0,94.0,100.0,93.5,87.77
2024-09-01,SKU018,171,169.0,167.0,164.0,167.75,168.92
2024-09-01,SKU019,102,104.0,93.0,89.0,97.0,100.83
2024-09-01,SKU020,102,95.0,96.0,88.0,95.25,101.3
2024-09-01,SKU021,53,59.0,68.0,52.0,58.0,54.45
2024-09-01,SKU022,66,68.0,56.0,64.0,63.5,66.45
2024-09-01,SKU023,85,99.0,82.0,105.0,92.75,85.79
2024-09-01,SKU024,88,100.0,86.0,83.0,89.25,87.59
2024-09-01,SKU025,26,19.0,17.0,17.0,19.75,25.19
2024-09-01,SKU026,129,144.0,138.0,138.0,137.25,130.3
2024-09-01,SKU027,154,165.0,158.0,149.0,156.5,154.14
2024-09-01,SKU028,31,37.0,31.0,28.0,31.75,31.17
2024-09-01,SKU029,99,106.0,107.0,98.0,102.5,99.84
2024-09-01,SKU030,39,30.0,25.0,45.0,34.75,37.83
2024-09-01,SKU031,124,104.0,120.0,145.0,123.25,123.57
2024-09-01,SKU032,50,42.0,54.0,61.0,51.75,50.19
2024-09-01,SKU033,107,109.0,103.0,107.0,106.5,106.81
2024-09-01,SKU034,115,95.0,120.0,129.0,114.75,111.02
2024-09-01,SKU035,135,125.0,137.0,137.0,133.5,133.6
2024-09-01,SKU036,28,34.0,24.0,21.0,26.75,28.28
2024-09-01,SKU037,156,134.0,156.0,144.0,147.5,153.98
2024-09-01,SKU038,48,42.0,51.0,51.0,48.0,47.19
2024-09-01,SKU039,16,29.0,24.0,16.0,21.25,17.22
2024-09-01,SKU040,85,110.0,109.0,103.0,101.75,87.89
2024-09-01,SKU041,77,67.0,71.0,71.0,71.5,76.72
2024-09-01,SKU042,147,126.0,141.0,139.0,138.25,142.5
2024-09-01,SKU043,140,123.0,136.0,123.0,130.5,140.01
2024-09-01,SKU044,70,55.0,76.0,60.0,65.25,68.78
2024-09-01,SKU045,158,130.0,197.0,169.0,163.5,160.34
2024-09-01,SKU046,55,60.0,59.0,73.0,61.75,55.99
2024-09-01,SKU047,110,101.0,66.0,93.0,92.5,105.05
2024-09-01,SKU048,65,59.0,59.0,53.0,59.0,64.3
2024-09-01,SKU049,156,138.0,151.0,164.0,152.25,152.6
2024-09-01,SKU050,37,29.0,49.0,33.0,37.0,37.21
2024-09-08,SKU001,96,92.0,98.0,89.0,93.75,93.78
2024-09-08,SKU002,56,69.0,46.0,58.0,57.25,55.1
2024-09-08,SKU003,38,40.0,38.0,37.0,38.25,37.74
2024-09-08,SKU004,30,22.0,29.0,30.0,27.75,29.51
2024-09-08,SKU005,113,122.0,113.0,103.0,112.75,113.99
2024-09-08,SKU006,33,55.0,34.0,39.0,40.25,36.49
2024-09-08,SKU007,157,151.0,160.0,164.0,158.0,156.21
2024-09-08,SKU008,115,107.0,113.0,99.0,108.5,115.08
2024-09-08,SKU009,58,58.0,59.0,70.0,61.25,57.15
2024-09-08,SKU010,92,96.0,99.0,103.0,97.5,92.59
2024-09-08,SKU011,18,17.0,9.0,17.0,15.25,17.73
2024-09-08,SKU012,151,176.0,169.0,154.0,162.5,155.4
2024-09-08,SKU013,98,86.0,91.0,71.0,86.5,93.99
2024-09-08,SKU014,146,135.0,129.0,123.0,133.25,145.16
2024-09-08,SKU015,25,28.0,25.0,24.0,25.5,25.26
2024-09-08,SKU016,94,98.0,78.0,96.0,91.5,92.8
2024-09-08,SKU017,98,85.0,95.0,94.0,93.0,98.19
2024-09-08,SKU018,158,171.0,169.0,167.0,166.25,158.27
2024-09-08,SKU019,104,102.0,104.0,93.0,100.75,102.72
2024-09-08,SKU020,84,102.0,95.0,96.0,94.25,85.32
2024-09-08,SKU021,52,53.0,59.0,68.0,58.0,53.08
2024-09-08,SKU022,64,66.0,68.0,56.0,63.5,64.22
2024-09-08,SKU023,88,85.0,99.0,82.0,88.5,88.58
2024-09-08,SKU024,84,88.0,100.0,86.0,89.5,84.96
2024-09-08,SKU025,16,26.0,19.0,17.0,19.5,16.91
2024-09-08,SKU026,146,129.0,144.0,138.0,139.25,145.0
2024-09-08,SKU027,127,154.0,165.0,158.0,151.0,129.74
2024-09-08,SKU028,41,31.0,37.0,31.0,35.0,40.85
2024-09-08,SKU029,109,99.0,106.0,107.0,105.25,106.7
2024-09-08,SKU030,26,39.0,30.0,25.0,30.0,27.59
2024-09-08,SKU031,110,124.0,104.0,120.0,114.5,111.18
2024-09-08,SKU032,58,50.0,42.0,54.0,51.0,56.89
2024-09-08,SKU033,109,107.0,109.0,103.0,107.0,108.79
2024-09-08,SKU034,110,115.0,95.0,120.0,110.0,110.27
2024-09-08,SKU035,120,135.0,125.0,137.0,129.25,121.73
2024-09-08,SKU036,33,28.0,34.0,24.0,29.75,31.79
2024-09-08,SKU037,155,156.0,134.0,156.0,150.25,154.7
2024-09-08,SKU038,58,48.0,42.0,51.0,49.75,56.91
2024-09-08,SKU039,26,16.0,29.0,24.0,23.75,26.34
2024-09-08,SKU040,94,85.0,110.0,109.0,99.5,93.11
2024-09-08,SKU041,63,77.0,67.0,71.0,69.5,64.23
2024-09-08,SKU042,147,147.0,126.0,141.0,140.25,145.82
2024-09-08,SKU043,148,140.0,123.0,136.0,136.75,146.67
2024-09-08,SKU044,60,70.0,55.0,76.0,65.25,61.17
2024-09-08,SKU045,159,158.0,130.0,197.0,161.0,161.24
2024-09-08,SKU046,60,55.0,60.0,59.0,58.5,59.57
2024-09-08,SKU047,96,110.0,101.0,66.0,93.25,95.45
2024-09-08,SKU048,41,65.0,59.0,59.0,56.0,42.31
2024-09-08,SKU049,152,156.0,138.0,151.0,149.25,151.27
2024-09-08,SKU050,37,37.0,29.0,49.0,38.0,37.08
2024-09-15,SKU001,89,96.0,92.0,98.0,93.75,90.88
2024-09-15,SKU002,61,56.0,69.0,46.0,58.0,60.52
2024-09-15,SKU003,30,38.0,40.0,38.0,36.5,30.99
2024-09-15,SKU004,34,30.0,22.0,29.0,28.75,33.15
2024-09-15,SKU005,104,113.0,122.0,113.0,113.0,103.62
2024-09-15,SKU006,38,33.0,55.0,34.0,40.0,39.26
2024-09-15,SKU007,174,157.0,151.0,160.0,160.5,172.09
2024-09-15,SKU008,93,115.0,107.0,113.0,107.0,96.4
2024-09-15,SKU009,56,58.0,58.0,59.0,57.75,56.18
2024-09-15,SKU010,116,92.0,96.0,99.0,100.75,114.08
2024-09-15,SKU011,22,18.0,17.0,9.0,16.5,20.43
2024-09-15,SKU012,167,151.0,176.0,169.0,165.75,165.82
2024-09-15,SKU013,101,98.0,86.0,91.0,94.0,99.55
2024-09-15,SKU014,145,146.0,135.0,129.0,138.75,144.87
2024-09-15,SKU015,26,25.0,28.0,25.0,26.0,25.67
2024-09-15,SKU016,77,94.0,98.0,78.0,86.75,78.41
2024-09-15,SKU017,88,98.0,85.0,95.0,91.5,89.3
2024-09-15,SKU018,158,158.0,171.0,169.0,164.0,158.61
2024-09-15,SKU019,108,104.0,102.0,104.0,104.5,107.52
2024-09-15,SKU020,69,84.0,102.0,95.0,87.5,71.33
2024-09-15,SKU021,55,52.0,53.0,59.0,54.75,55.86
2024-09-15,SKU022,59,64.0,66.0,68.0,64.25,60.24
2024-09-15,SKU023,87,88.0,85.0,99.0,89.75,88.7
2024-09-15,SKU024,83,84.0,88.0,100.0,88.75,83.19
2024-09-15,SKU025,17,16.0,26.0,19.0,19.5,17.48
2024-09-15,SKU026,143,146.0,129.0,144.0,140.5,143.74
2024-09-15,SKU027,134,127.0,154.0,165.0,145.0,134.18
2024-09-15,SKU028,26,41.0,31.0,37.0,33.75,27.36
2024-09-15,SKU029,104,109.0,99.0,106.0,104.5,104.54
2024-09-15,SKU030,30,26.0,39.0,30.0,31.25,30.34
2024-09-15,SKU031,135,110.0,124.0,104.0,118.25,135.04
2024-09-15,SKU032,60,58.0,50.0,42.0,52.5,58.26
2024-09-15,SKU033,107,109.0,107.0,109.0,108.0,107.44
2024-09-15,SKU034,150,110.0,115.0,95.0,117.5,145.78
2024-09-15,SKU035,134,120.0,135.0,125.0,128.5,132.76
2024-09-15,SKU036,30,33.0,28.0,34.0,31.25,30.18
2024-09-15,SKU037,149,155.0,156.0,134.0,148.5,149.33
2024-09-15,SKU038,47,58.0,48.0,42.0,48.75,48.37
2024-09-15,SKU039,22,26.0,16.0,29.0,23.25,21.81
2024-09-15,SKU040,109,94.0,85.0,110.0,99.5,107.3
2024-09-15,SKU041,66,63.0,77.0,67.0,68.25,66.92
2024-09-15,SKU042,126,147.0,147.0,126.0,136.5,126.26
2024-09-15,SKU043,124,148.0,140.0,123.0,133.75,126.12
2024-09-15,SKU044,63,60.0,70.0,55.0,62.0,61.83
2024-09-15,SKU045,154,159.0,158.0,130.0,150.25,152.65
2024-09-15,SKU046,56,60.0,55.0,60.0,57.75,55.69
2024-09-15,SKU047,75,96.0,110.0,101.0,95.5,78.91
2024-09-15,SKU048,63,41.0,65.0,59.0,57.0,61.2
2024-09-15,SKU049,164,152.0,156.0,138.0,152.5,162.31
2024-09-15,SKU050,52,37.0,37.0,29.0,38.75,49.65
2024-09-22,SKU001,104,89.0,96.0,92.0,95.25,103.52
2024-09-22,SKU002,59,61.0,56.0,69.0,61.25,58.33
2024-09-22,SKU003,41,30.0,38.0,40.0,37.25,39.74
2024-09-22,SKU004,29,34.0,30.0,22.0,28.75,29.26
2024-09-22,SKU005,95,104.0,113.0,122.0,108.5,97.6
2024-09-22,SKU006,42,38.0,33.0,55.0,42.0,42.36
2024-09-22,SKU007,151,174.0,157.0,151.0,158.25,152.99
2024-09-22,SKU008,101,93.0,115.0,107.0,104.0,101.61
2024-09-22,SKU009,58,56.0,58.0,58.0,57.5,57.84
2024-09-22,SKU010,115,116.0,92.0,96.0,104.75,112.63
2024-09-22,SKU011,15,22.0,18.0,17.0,18.0,16.01
2024-09-22,SKU012,163,167.0,151.0,176.0,164.25,163.5
2024-09-22,SKU013,84,101.0,98.0,86.0,92.25,85.65
2024-09-22,SKU014,137,145.0,146.0,135.0,140.75,139.14
2024-09-22,SKU015,21,26.0,25.0,28.0,25.0,22.67
2024-09-22,SKU016,90,77.0,94.0,98.0,89.75,91.58
2024-09-22,SKU017,88,88.0,98.0,85.0,89.75,88.87
2024-09-22,SKU018,163,158.0,158.0,171.0,162.5,161.88
2024-09-22,SKU019,80,108.0,104.0,102.0,98.5,83.28
2024-09-22,SKU020,83,69.0,84.0,102.0,84.5,83.13
2024-09-22,SKU021,48,55.0,52.0,53.0,52.0,49.58
2024-09-22,SKU022,66,59.0,64.0,66.0,63.75,65.22
2024-09-22,SKU023,85,87.0,88.0,85.0,86.25,84.89
2024-09-22,SKU024,72,83.0,84.0,88.0,81.75,74.25
2024-09-22,SKU025,15,17.0,16.0,26.0,18.5,15.5
2024-09-22,SKU026,120,143.0,146.0,129.0,134.5,122.83
2024-09-22,SKU027,143,134.0,127.0,154.0,139.5,144.67
2024-09-22,SKU028,44,26.0,41.0,31.0,35.5,42.07
2024-09-22,SKU029,93,104.0,109.0,99.0,101.25,93.57
2024-09-22,SKU030,32,30.0,26.0,39.0,31.75,31.74
2024-09-22,SKU031,123,135.0,110.0,124.0,123.0,123.79
2024-09-22,SKU032,69,60.0,58.0,50.0,59.25,67.45
2024-09-22,SKU033,88,107.0,109.0,107.0,102.75,90.62
2024-09-22,SKU034,153,150.0,110.0,115.0,132.0,147.55
2024-09-22,SKU035,133,134.0,120.0,135.0,130.5,131.57
2024-09-22,SKU036,28,30.0,33.0,28.0,29.75,28.37
2024-09-22,SKU037,163,149.0,155.0,156.0,155.75,159.79
2024-09-22,SKU038,43,47.0,58.0,48.0,49.0,43.44
2024-09-22,SKU039,22,22.0,26.0,16.0,21.5,21.77
2024-09-22,SKU040,89,109.0,94.0,85.0,94.25,89.77
2024-09-22,SKU041,74,66.0,63.0,77.0,70.0,73.86
2024-09-22,SKU042,147,126.0,147.0,147.0,141.75,145.12
2024-09-22,SKU043,136,124.0,148.0,140.0,137.0,133.37
2024-09-22,SKU044,56,63.0,60.0,70.0,62.25,56.14
2024-09-22,SKU045,152,154.0,159.0,158.0,155.75,151.72
2024-09-22,SKU046,54,56.0,60.0,55.0,56.25,54.28
2024-09-22,SKU047,94,75.0,96.0,110.0,93.75,91.64
2024-09-22,SKU048,56,63.0,41.0,65.0,56.25,55.12
2024-09-22,SKU049,150,164.0,152.0,156.0,155.5,149.77
2024-09-22,SKU050,27,52.0,37.0,37.0,38.25,29.2
2024-09-29,SKU001,109,104.0,89.0,96.0,99.5,107.79
2024-09-29,SKU002,63,59.0,61.0,56.0,59.75,61.67
2024-09-29,SKU003,32,41.0,30.0,38.0,35.25,33.22
2024-09-29,SKU004,26,29.0,34.0,30.0,29.75,26.74
2024-09-29,SKU005,108,95.0,104.0,113.0,105.0,107.06
2024-09-29,SKU006,40,42.0,38.0,33.0,38.25,40.54
2024-09-29,SKU007,170,151.0,174.0,157.0,163.0,168.53
2024-09-29,SKU008,107,101.0,93.0,115.0,104.0,107.32
2024-09-29,SKU009,67,58.0,56.0,58.0,59.75,65.82
2024-09-29,SKU010,128,115.0,116.0,92.0,112.75,124.1
2024-09-29,SKU011,18,15.0,22.0,18.0,18.25,17.28
2024-09-29,SKU012,174,163.0,167.0,151.0,163.75,174.02
2024-09-29,SKU013,99,84.0,101.0,98.0,95.5,97.52
2024-09-29,SKU014,151,137.0,145.0,146.0,144.75,148.73
2024-09-29,SKU015,20,21.0,26.0,25.0,23.0,20.61
2024-09-29,SKU016,89,90.0,77.0,94.0,87.5,88.2
2024-09-29,SKU017,101,88.0,88.0,98.0,93.75,99.56
2024-09-29,SKU018,169,163.0,158.0,158.0,162.0,168.36
2024-09-29,SKU019,97,80.0,108.0,104.0,97.25,95.09
2024-09-29,SKU020,80,83.0,69.0,84.0,79.0,80.04
2024-09-29,SKU021,61,48.0,55.0,52.0,54.0,61.32
2024-09-29,SKU022,72,66.0,59.0,64.0,65.25,71.37
2024-09-29,SKU023,89,85.0,87.0,88.0,87.25,88.47
2024-09-29,SKU024,85,72.0,83.0,84.0,81.0,84.41
2024-09-29,SKU025,12,15.0,17.0,16.0,15.0,13.53
2024-09-29,SKU026,129,120.0,143.0,146.0,134.5,128.0
2024-09-29,SKU027,156,143.0,134.0,127.0,140.0,152.39
2024-09-29,SKU028,25,44.0,26.0,41.0,34.0,26.97
2024-09-29,SKU029,93,93.0,104.0,109.0,99.75,93.36
2024-09-29,SKU030,37,32.0,30.0,26.0,31.25,36.27
2024-09-29,SKU031,116,123.0,135.0,110.0,121.0,116.8
2024-09-29,SKU032,43,69.0,60.0,58.0,57.5,45.21
2024-09-29,SKU033,106,88.0,107.0,109.0,102.5,102.61
2024-09-29,SKU034,111,153.0,150.0,110.0,131.0,117.95
2024-09-29,SKU035,130,133.0,134.0,120.0,129.25,131.25
2024-09-29,SKU036,32,28.0,30.0,33.0,30.75,31.78
2024-09-29,SKU037,132,163.0,149.0,155.0,149.75,134.31
2024-09-29,SKU038,37,43.0,47.0,58.0,46.25,39.19
2024-09-29,SKU039,24,22.0,22.0,26.0,23.5,23.69
2024-09-29,SKU040,84,89.0,109.0,94.0,94.0,86.58
2024-09-29,SKU041,62,74.0,66.0,63.0,66.25,61.97
2024-09-29,SKU042,133,147.0,126.0,147.0,138.25,134.43
2024-09-29,SKU043,140,136.0,124.0,148.0,137.0,137.3
2024-09-29,SKU044,68,56.0,63.0,60.0,61.75,67.2
2024-09-29,SKU045,178,152.0,154.0,159.0,160.75,175.86
2024-09-29,SKU046,56,54.0,56.0,60.0,56.5,56.27
2024-09-29,SKU047,115,94.0,75.0,96.0,95.0,111.18
2024-09-29,SKU048,48,56.0,63.0,41.0,52.0,49.16
2024-09-29,SKU049,178,150.0,164.0,152.0,161.0,176.68
2024-09-29,SKU050,25,27.0,52.0,37.0,35.25,29.16
2024-10-06,SKU001,71,109.0,104.0,89.0,93.25,77.06
2024-10-06,SKU002,51,63.0,59.0,61.0,58.5,52.47
2024-10-06,SKU003,32,32.0,41.0,30.0,33.75,31.8
2024-10-06,SKU004,26,26.0,29.0,34.0,28.75,26.62
2024-10-06,SKU005,86,108.0,95.0,104.0,98.25,88.64
2024-10-06,SKU006,47,40.0,42.0,38.0,41.75,47.34
2024-10-06,SKU007,130,170.0,151.0,174.0,156.25,134.59
2024-10-06,SKU008,89,107.0,101.0,93.0,97.5,91.15
2024-10-06,SKU009,42,67.0,58.0,56.0,55.75,43.29
2024-10-06,SKU010,122,128.0,115.0,116.0,120.25,122.03
2024-10-06,SKU011,11,18.0,15.0,22.0,16.5,12.98
2024-10-06,SKU012,144,174.0,163.0,167.0,162.0,145.5
2024-10-06,SKU013,68,99.0,84.0,101.0,88.0,72.38
2024-10-06,SKU014,97,151.0,137.0,145.0,132.5,103.11
2024-10-06,SKU015,34,20.0,21.0,26.0,25.25,32.41
2024-10-06,SKU016,71,89.0,90.0,77.0,81.75,72.71
2024-10-06,SKU017,60,101.0,88.0,88.0,84.25,66.86
2024-10-06,SKU018,134,169.0,163.0,158.0,156.0,137.97
2024-10-06,SKU019,81,97.0,80.0,108.0,91.5,83.11
2024-10-06,SKU020,77,80.0,83.0,69.0,77.25,77.2
2024-10-06,SKU021,50,61.0,48.0,55.0,53.5,50.5
2024-10-06,SKU022,53,72.0,66.0,59.0,62.5,55.61
2024-10-06,SKU023,76,89.0,85.0,87.0,84.25,77.98
2024-10-06,SKU024,83,85.0,72.0,83.0,80.75,81.09
2024-10-06,SKU025,14,12.0,15.0,17.0,14.5,14.46
2024-10-06,SKU026,131,129.0,120.0,143.0,130.75,131.44
2024-10-06,SKU027,126,156.0,143.0,134.0,139.75,129.99
2024-10-06,SKU028,36,25.0,44.0,26.0,32.75,35.29
2024-10-06,SKU029,98,93.0,93.0,104.0,97.0,98.28
2024-10-06,SKU030,22,37.0,32.0,30.0,30.25,23.93
2024-10-06,SKU031,105,116.0,123.0,135.0,119.75,104.51
2024-10-06,SKU032,50,43.0,69.0,60.0,55.5,51.32
2024-10-06,SKU033,94,106.0,88.0,107.0,98.75,95.72
2024-10-06,SKU034,118,111.0,153.0,150.0,133.0,116.89
2024-10-06,SKU035,114,130.0,133.0,134.0,127.75,116.74
2024-10-06,SKU036,27,32.0,28.0,30.0,29.25,27.82
2024-10-06,SKU037,143,132.0,163.0,149.0,146.75,143.37
2024-10-06,SKU038,41,37.0,43.0,47.0,42.0,41.15
2024-10-06,SKU039,16,24.0,22.0,22.0,21.0,16.38
2024-10-06,SKU040,91,84.0,89.0,109.0,93.25,91.81
2024-10-06,SKU041,62,62.0,74.0,66.0,66.0,62.14
2024-10-06,SKU042,120,133.0,147.0,126.0,131.5,122.48
2024-10-06,SKU043,130,140.0,136.0,124.0,132.5,131.81
2024-10-06,SKU044,48,68.0,56.0,63.0,58.75,50.62
2024-10-06,SKU045,139,178.0,152.0,154.0,155.75,142.83
2024-10-06,SKU046,54,56.0,54.0,56.0,55.0,55.5
2024-10-06,SKU047,75,115.0,94.0,75.0,89.75,81.15
2024-10-06,SKU048,47,48.0,56.0,63.0,53.5,48.36
2024-10-06,SKU049,147,178.0,150.0,164.0,159.75,147.77
2024-10-06,SKU050,34,25.0,27.0,52.0,34.5,34.8
2024-10-13,SKU001,82,71.0,109.0,104.0,91.5,83.1
2024-10-13,SKU002,65,51.0,63.0,59.0,59.5,63.68
2024-10-13,SKU003,34,32.0,32.0,41.0,34.75,34.1
2024-10-13,SKU004,29,26.0,26.0,29.0,27.5,29.18
2024-10-13,SKU005,96,86.0,108.0,95.0,96.25,96.21
2024-10-13,SKU006,38,47.0,40.0,42.0,41.75,39.28
2024-10-13,SKU007,123,130.0,170.0,151.0,143.5,126.75
2024-10-13,SKU008,80,89.0,107.0,101.0,94.25,82.09
2024-10-13,SKU009,65,42.0,67.0,58.0,58.0,63.06
2024-10-13,SKU010,79,122.0,128.0,115.0,111.0,87.94
2024-10-13,SKU011,16,11.0,18.0,15.0,15.0,16.16
2024-10-13,SKU012,144,144.0,174.0,163.0,156.25,143.98
2024-10-13,SKU013,75,68.0,99.0,84.0,81.5,77.94
2024-10-13,SKU014,126,97.0,151.0,137.0,127.75,122.18
2024-10-13,SKU015,29,34.0,20.0,21.0,26.0,28.61
2024-10-13,SKU016,85,71.0,89.0,90.0,83.75,84.01
2024-10-13,SKU017,67,60.0,101.0,88.0,79.0,70.34
2024-10-13,SKU018,153,134.0,169.0,163.0,154.75,149.68
2024-10-13,SKU019,93,81.0,97.0,80.0,87.75,93.09
2024-10-13,SKU020,83,77.0,80.0,83.0,80.75,83.07
2024-10-13,SKU021,39,50.0,61.0,48.0,49.5,41.26
2024-10-13,SKU022,55,53.0,72.0,66.0,61.5,55.87
2024-10-13,SKU023,67,76.0,89.0,85.0,79.25,69.03
2024-10-13,SKU024,66,83.0,85.0,72.0,76.5,66.96
2024-10-13,SKU025,20,14.0,12.0,15.0,15.25,18.95
2024-10-13,SKU026,145,131.0,129.0,120.0,131.25,144.82
2024-10-13,SKU027,126,126.0,156.0,143.0,137.75,129.23
2024-10-13,SKU028,29,36.0,25.0,44.0,33.5,28.37
2024-10-13,SKU029,96,98.0,93.0,93.0,95.0,96.43
2024-10-13,SKU030,18,22.0,37.0,32.0,27.25,20.39
2024-10-13,SKU031,109,105.0,116.0,123.0,113.25,108.69
2024-10-13,SKU032,56,50.0,43.0,69.0,54.5,56.45
2024-10-13,SKU033,95,94.0,106.0,88.0,95.75,95.19
2024-10-13,SKU034,99,118.0,111.0,153.0,120.25,103.33
2024-10-13,SKU035,102,114.0,130.0,133.0,119.75,102.64
2024-10-13,SKU036,35,27.0,32.0,28.0,30.5,34.18
2024-10-13,SKU037,132,143.0,132.0,163.0,142.5,135.2
2024-10-13,SKU038,37,41.0,37.0,43.0,39.5,37.27
2024-10-13,SKU039,9,16.0,24.0,22.0,17.75,11.19
2024-10-13,SKU040,93,91.0,84.0,89.0,89.25,92.4
2024-10-13,SKU041,82,62.0,62.0,74.0,70.0,79.2
2024-10-13,SKU042,125,120.0,133.0,147.0,131.25,125.71
2024-10-13,SKU043,113,130.0,140.0,136.0,129.75,115.14
2024-10-13,SKU044,57,48.0,68.0,56.0,57.25,57.72
2024-10-13,SKU045,131,139.0,178.0,152.0,150.0,131.15
2024-10-13,SKU046,60,54.0,56.0,54.0,56.0,59.26
2024-10-13,SKU047,93,75.0,115.0,94.0,94.25,91.1
2024-10-13,SKU048,51,47.0,48.0,56.0,50.5,50.42
2024-10-13,SKU049,151,147.0,178.0,150.0,156.5,155.9
2024-10-13,SKU050,33,34.0,25.0,27.0,29.75,32.06
2024-10-20,SKU001,88,82.0,71.0,109.0,87.5,89.17
2024-10-20,SKU002,72,65.0,51.0,63.0,62.75,71.58
2024-10-20,SKU003,27,34.0,32.0,32.0,31.25,27.83
2024-10-20,SKU004,29,29.0,26.0,26.0,27.5,29.13
2024-10-20,SKU005,92,96.0,86.0,108.0,95.5,91.8
2024-10-20,SKU006,37,38.0,47.0,40.0,40.5,37.91
2024-10-20,SKU007,128,123.0,130.0,170.0,137.75,129.27
2024-10-20,SKU008,71,80.0,89.0,107.0,86.75,74.47
2024-10-20,SKU009,58,65.0,42.0,67.0,58.0,56.69
2024-10-20,SKU010,74,79.0,122.0,128.0,100.75,80.1
2024-10-20,SKU011,13,16.0,11.0,18.0,14.5,13.64
2024-10-20,SKU012,144,144.0,144.0,174.0,151.5,143.06
2024-10-20,SKU013,80,75.0,68.0,99.0,80.5,80.92
2024-10-20,SKU014,123,126.0,97.0,151.0,124.25,122.16
2024-10-20,SKU015,22,29.0,34.0,20.0,26.25,23.24
2024-10-20,SKU016,84,85.0,71.0,89.0,82.25,83.63
2024-10-20,SKU017,100,67.0,60.0,101.0,82.0,94.76
2024-10-20,SKU018,140,153.0,134.0,169.0,149.0,139.4
2024-10-20,SKU019,85,93.0,81.0,97.0,89.0,86.42
2024-10-20,SKU020,92,83.0,77.0,80.0,83.0,91.74
2024-10-20,SKU021,43,39.0,50.0,61.0,48.25,44.32
2024-10-20,SKU022,52,55.0,53.0,72.0,58.0,53.04
2024-10-20,SKU023,74,67.0,76.0,89.0,76.5,72.95
2024-10-20,SKU024,72,66.0,83.0,85.0,76.5,71.2
2024-10-20,SKU025,26,20.0,14.0,12.0,18.0,24.27
2024-10-20,SKU026,141,145.0,131.0,129.0,136.5,140.06
2024-10-20,SKU027,121,126.0,126.0,156.0,132.25,122.75
2024-10-20,SKU028,34,29.0,36.0,25.0,31.0,34.38
2024-10-20,SKU029,90,96.0,98.0,93.0,94.25,91.31
2024-10-20,SKU030,31,18.0,22.0,37.0,27.0,30.18
2024-10-20,SKU031,109,109.0,105.0,116.0,109.75,109.99
2024-10-20,SKU032,49,56.0,50.0,43.0,49.5,48.77
2024-10-20,SKU033,104,95.0,94.0,106.0,99.75,102.81
2024-10-20,SKU034,116,99.0,118.0,111.0,111.0,113.99
2024-10-20,SKU035,126,102.0,114.0,130.0,118.0,124.74
2024-10-20,SKU036,29,35.0,27.0,32.0,30.75,29.22
2024-10-20,SKU037,129,132.0,143.0,132.0,134.0,130.12
2024-10-20,SKU038,52,37.0,41.0,37.0,41.75,50.53
2024-10-20,SKU039,18,9.0,16.0,24.0,16.75,16.9
2024-10-20,SKU040,96,93.0,91.0,84.0,91.0,95.55
2024-10-20,SKU041,63,82.0,62.0,62.0,67.25,65.46
2024-10-20,SKU042,131,125.0,120.0,133.0,127.25,129.77
2024-10-20,SKU043,121,113.0,130.0,140.0,126.0,121.68
2024-10-20,SKU044,61,57.0,48.0,68.0,58.5,59.53
2024-10-20,SKU045,142,131.0,139.0,178.0,147.5,141.64
2024-10-20,SKU046,42,60.0,54.0,56.0,53.0,44.26
2024-10-20,SKU047,84,93.0,75.0,115.0,91.75,86.15
2024-10-20,SKU048,51,51.0,47.0,48.0,49.25,49.34
2024-10-20,SKU049,129,151.0,147.0,178.0,151.25,132.0
2024-10-20,SKU050,38,33.0,34.0,25.0,32.5,36.87
2024-10-27,SKU001,89,88.0,82.0,71.0,82.5,87.59
2024-10-27,SKU002,47,72.0,65.0,51.0,58.75,49.83
2024-10-27,SKU003,35,27.0,34.0,32.0,32.0,34.08
2024-10-27,SKU004,26,29.0,29.0,26.0,27.5,26.75
2024-10-27,SKU005,85,92.0,96.0,86.0,89.75,87.29
2024-10-27,SKU006,29,37.0,38.0,47.0,37.75,30.82
2024-10-27,SKU007,124,128.0,123.0,130.0,126.25,125.17
2024-10-27,SKU008,97,71.0,80.0,89.0,84.25,93.04
2024-10-27,SKU009,52,58.0,65.0,42.0,54.25,51.68
2024-10-27,SKU010,92,74.0,79.0,122.0,91.75,90.96
2024-10-27,SKU011,9,13.0,16.0,11.0,12.25,10.91
2024-10-27,SKU012,140,144.0,144.0,144.0,143.0,139.73
2024-10-27,SKU013,64,80.0,75.0,68.0,71.75,66.47
2024-10-27,SKU014,128,123.0,126.0,97.0,118.5,126.74
2024-10-27,SKU015,24,22.0,29.0,34.0,27.25,24.66
2024-10-27,SKU016,82,84.0,85.0,71.0,80.5,80.94
2024-10-27,SKU017,82,100.0,67.0,60.0,77.25,80.38
2024-10-27,SKU018,159,140.0,153.0,134.0,146.5,159.2
2024-10-27,SKU019,86,85.0,93.0,81.0,86.25,86.03
2024-10-27,SKU020,83,92.0,83.0,77.0,83.75,83.5
2024-10-27,SKU021,55,43.0,39.0,50.0,46.75,52.93
2024-10-27,SKU022,47,52.0,55.0,53.0,51.75,47.66
2024-10-27,SKU023,84,74.0,67.0,76.0,75.25,83.18
2024-10-27,SKU024,62,72.0,66.0,83.0,70.75,63.21
2024-10-27,SKU025,16,26.0,20.0,14.0,19.0,16.36
2024-10-27,SKU026,137,141.0,145.0,131.0,138.5,138.11
2024-10-27,SKU027,151,121.0,126.0,126.0,131.0,147.79
2024-10-27,SKU028,26,34.0,29.0,36.0,31.25,26.86
2024-10-27,SKU029,96,90.0,96.0,98.0,95.0,96.62
2024-10-27,SKU030,26,31.0,18.0,22.0,24.25,25.35
2024-10-27,SKU031,112,109.0,109.0,105.0,108.75,112.03
2024-10-27,SKU032,48,49.0,56.0,50.0,50.75,47.94
2024-10-27,SKU033,114,104.0,95.0,94.0,101.75,112.79
2024-10-27,SKU034,111,116.0,99.0,118.0,111.0,110.53
2024-10-27,SKU035,102,126.0,102.0,114.0,111.0,103.68
2024-10-27,SKU036,21,29.0,35.0,27.0,28.0,22.49
2024-10-27,SKU037,141,129.0,132.0,143.0,136.25,138.33
2024-10-27,SKU038,45,52.0,37.0,41.0,43.75,45.41
2024-10-27,SKU039,19,18.0,9.0,16.0,15.5,18.26
2024-10-27,SKU040,92,96.0,93.0,91.0,93.0,92.59
2024-10-27,SKU041,63,63.0,82.0,62.0,67.5,65.36
2024-10-27,SKU042,114,131.0,125.0,120.0,122.5,115.25
2024-10-27,SKU043,132,121.0,113.0,130.0,124.0,129.93
2024-10-27,SKU044,57,61.0,57.0,48.0,55.75,56.31
2024-10-27,SKU045,173,142.0,131.0,139.0,146.25,170.48
2024-10-27,SKU046,40,42.0,60.0,54.0,49.0,41.3
2024-10-27,SKU047,79,84.0,93.0,75.0,82.75,79.93
2024-10-27,SKU048,53,51.0,51.0,47.0,50.5,51.54
2024-10-27,SKU049,148,129.0,151.0,147.0,143.75,146.43
2024-10-27,SKU050,38,38.0,33.0,34.0,35.75,38.36
2024-11-03,SKU001,83,89.0,88.0,82.0,85.5,83.21
2024-11-03,SKU002,65,47.0,72.0,65.0,62.25,63.46
2024-11-03,SKU003,17,35.0,27.0,34.0,28.25,20.65
2024-11-03,SKU004,32,26.0,29.0,29.0,29.0,31.35
2024-11-03,SKU005,109,85.0,92.0,96.0,95.5,107.26
2024-11-03,SKU006,40,29.0,37.0,38.0,36.0,39.32
2024-11-03,SKU007,152,124.0,128.0,123.0,131.75,151.52
2024-11-03,SKU008,99,97.0,71.0,80.0,86.75,96.88
2024-11-03,SKU009,66,52.0,58.0,65.0,60.25,65.28
2024-11-03,SKU010,109,92.0,74.0,79.0,88.5,104.96
2024-11-03,SKU011,15,9.0,13.0,16.0,13.25,15.07
2024-11-03,SKU012,183,140.0,144.0,144.0,152.75,177.7
2024-11-03,SKU013,93,64.0,80.0,75.0,78.0,92.17
2024-11-03,SKU014,132,128.0,123.0,126.0,127.25,132.34
2024-11-03,SKU015,25,24.0,22.0,29.0,25.0,25.03
2024-11-03,SKU016,98,82.0,84.0,85.0,87.25,96.57
2024-11-03,SKU017,90,82.0,100.0,67.0,84.75,90.15
2024-11-03,SKU018,170,159.0,140.0,153.0,155.5,165.81
2024-11-03,SKU019,98,86.0,85.0,93.0,90.5,97.9
2024-11-03,SKU020,71,83.0,92.0,83.0,82.25,74.4
2024-11-03,SKU021,58,55.0,43.0,39.0,48.75,57.29
2024-11-03,SKU022,56,47.0,52.0,55.0,52.5,54.88
2024-11-03,SKU023,86,84.0,74.0,67.0,77.75,84.94
2024-11-03,SKU024,86,62.0,72.0,66.0,71.5,82.98
2024-11-03,SKU025,21,16.0,26.0,20.0,20.75,21.1
2024-11-03,SKU026,130,137.0,141.0,145.0,138.25,130.61
2024-11-03,SKU027,138,151.0,121.0,126.0,134.0,138.0
2024-11-03,SKU028,40,26.0,34.0,29.0,32.25,38.44
2024-11-03,SKU029,75,96.0,90.0,96.0,89.25,78.09
2024-11-03,SKU030,27,26.0,31.0,18.0,25.5,26.18
2024-11-03,SKU031,129,112.0,109.0,109.0,114.75,128.05
2024-11-03,SKU032,51,48.0,49.0,56.0,51.0,50.81
2024-11-03,SKU033,118,114.0,104.0,95.0,107.75,117.39
2024-11-03,SKU034,137,111.0,116.0,99.0,115.75,134.34
2024-11-03,SKU035,119,102.0,126.0,102.0,112.25,116.17
2024-11-03,SKU036,28,21.0,29.0,35.0,28.25,28.02
2024-11-03,SKU037,153,141.0,129.0,132.0,138.75,151.15
2024-11-03,SKU038,55,45.0,52.0,37.0,47.25,54.1
2024-11-03,SKU039,21,19.0,18.0,9.0,16.75,20.68
2024-11-03,SKU040,89,92.0,96.0,93.0,92.5,90.7
2024-11-03,SKU041,66,63.0,63.0,82.0,68.5,69.46
2024-11-03,SKU042,136,114.0,131.0,125.0,126.5,134.86
2024-11-03,SKU043,130,132.0,121.0,113.0,124.0,128.33
2024-11-03,SKU044,59,57.0,61.0,57.0,58.5,59.17
2024-11-03,SKU045,145,173.0,142.0,131.0,147.75,147.13
2024-11-03,SKU046,55,40.0,42.0,60.0,49.25,54.37
2024-11-03,SKU047,93,79.0,84.0,93.0,87.25,90.39
2024-11-03,SKU048,63,53.0,51.0,51.0,54.5,63.3
2024-11-03,SKU049,140,148.0,129.0,151.0,142.0,142.27
2024-11-03,SKU050,36,38.0,38.0,33.0,36.25,36.65
2024-11-10,SKU001,99,83.0,89.0,88.0,89.75,98.5
2024-11-10,SKU002,52,65.0,47.0,72.0,59.0,53.97
2024-11-10,SKU003,41,17.0,35.0,27.0,30.0,37.07
2024-11-10,SKU004,29,32.0,26.0,29.0,29.0,29.52
2024-11-10,SKU005,109,109.0,85.0,92.0,98.75,106.48
2024-11-10,SKU006,40,40.0,29.0,37.0,36.5,38.79
2024-11-10,SKU007,172,152.0,124.0,128.0,144.0,166.95
2024-11-10,SKU008,97,99.0,97.0,71.0,91.0,94.49
2024-11-10,SKU009,71,66.0,52.0,58.0,61.75,69.3
2024-11-10,SKU010,100,109.0,92.0,74.0,93.75,97.4
2024-11-10,SKU011,11,15.0,9.0,13.0,12.0,12.09
2024-11-10,SKU012,156,183.0,140.0,144.0,155.75,160.17
2024-11-10,SKU013,72,93.0,64.0,80.0,77.25,73.82
2024-11-10,SKU014,130,132.0,128.0,123.0,128.25,130.24
2024-11-10,SKU015,25,25.0,24.0,22.0,24.0,25.31
2024-11-10,SKU016,84,98.0,82.0,84.0,87.0,84.95
2024-11-10,SKU017,95,90.0,82.0,100.0,91.75,94.0
2024-11-10,SKU018,162,170.0,159.0,140.0,157.75,160.46
2024-11-10,SKU019,95,98.0,86.0,85.0,91.0,94.26
2024-11-10,SKU020,81,71.0,83.0,92.0,81.75,79.7
2024-11-10,SKU021,58,58.0,55.0,43.0,53.5,57.29
2024-11-10,SKU022,54,56.0,47.0,52.0,52.25,54.91
2024-11-10,SKU023,85,86.0,84.0,74.0,82.25,84.32
2024-11-10,SKU024,78,86.0,62.0,72.0,74.5,77.19
2024-11-10,SKU025,18,21.0,16.0,26.0,20.25,19.58
2024-11-10,SKU026,127,130.0,137.0,141.0,133.75,127.77
2024-11-10,SKU027,143,138.0,151.0,121.0,138.25,140.16
2024-11-10,SKU028,32,40.0,26.0,34.0,33.0,32.34
2024-11-10,SKU029,95,75.0,96.0,90.0,89.0,93.72
2024-11-10,SKU030,28,27.0,26.0,31.0,28.0,28.63
2024-11-10,SKU031,113,129.0,112.0,109.0,115.75,111.99
2024-11-10,SKU032,68,51.0,48.0,49.0,54.0,66.72
2024-11-10,SKU033,123,118.0,114.0,104.0,114.75,122.63
2024-11-10,SKU034,122,137.0,111.0,116.0,121.5,123.47
2024-11-10,SKU035,124,119.0,102.0,126.0,117.75,123.13
2024-11-10,SKU036,33,28.0,21.0,29.0,27.75,32.15
2024-11-10,SKU037,162,153.0,141.0,129.0,146.25,159.86
2024-11-10,SKU038,34,55.0,45.0,52.0,46.5,35.37
2024-11-10,SKU039,24,21.0,19.0,18.0,20.5,23.59
2024-11-10,SKU040,114,89.0,92.0,96.0,97.75,111.1
2024-11-10,SKU041,75,66.0,63.0,63.0,66.75,73.36
2024-11-10,SKU042,121,136.0,114.0,131.0,125.5,120.61
2024-11-10,SKU043,128,130.0,132.0,121.0,127.75,128.64
2024-11-10,SKU044,48,59.0,57.0,61.0,56.25,50.17
2024-11-10,SKU045,143,145.0,173.0,142.0,150.75,143.89
2024-11-10,SKU046,56,55.0,40.0,42.0,48.25,55.16
2024-11-10,SKU047,93,93.0,79.0,84.0,87.25,93.18
2024-11-10,SKU048,45,63.0,53.0,51.0,53.0,46.5
2024-11-10,SKU049,160,140.0,148.0,129.0,144.25,158.26
2024-11-10,SKU050,54,36.0,38.0,38.0,41.5,53.25
2024-11-17,SKU001,80,99.0,83.0,89.0,87.75,77.58
2024-11-17,SKU002,67,52.0,65.0,47.0,57.75,64.66
2024-11-17,SKU003,38,41.0,17.0,35.0,32.75,36.04
2024-11-17,SKU004,26,29.0,32.0,26.0,28.25,25.35
2024-11-17,SKU005,123,109.0,109.0,85.0,106.5,119.51
2024-11-17,SKU006,28,40.0,40.0,29.0,34.25,30.46
2024-11-17,SKU007,159,172.0,152.0,124.0,151.75,156.35
2024-11-17,SKU008,106,97.0,99.0,97.0,99.75,105.61
2024-11-17,SKU009,67,71.0,66.0,52.0,64.0,67.63
2024-11-17,SKU010,113,100.0,109.0,92.0,103.5,111.46
2024-11-17,SKU011,16,11.0,15.0,9.0,12.75,15.1
2024-11-17,SKU012,179,156.0,183.0,140.0,164.5,175.71
2024-11-17,SKU013,96,72.0,93.0,64.0,81.25,91.9
2024-11-17,SKU014,124,130.0,132.0,128.0,128.5,124.53
2024-11-17,SKU015,19,25.0,25.0,24.0,23.25,20.12
2024-11-17,SKU016,104,84.0,98.0,82.0,92.0,100.5
2024-11-17,SKU017,86,95.0,90.0,82.0,88.25,86.56
2024-11-17,SKU018,150,162.0,170.0,159.0,160.25,156.27
2024-11-17,SKU019,112,95.0,98.0,86.0,97.75,109.88
2024-11-17,SKU020,87,81.0,71.0,83.0,80.5,85.42
2024-11-17,SKU021,63,58.0,58.0,55.0,58.5,62.81
2024-11-17,SKU022,69,54.0,56.0,47.0,56.5,65.7
2024-11-17,SKU023,94,85.0,86.0,84.0,87.25,92.67
2024-11-17,SKU024,72,78.0,86.0,62.0,74.5,72.66
2024-11-17,SKU025,17,18.0,21.0,16.0,18.0,17.12
2024-11-17,SKU026,156,127.0,130.0,137.0,137.5,151.97
2024-11-17,SKU027,153,143.0,138.0,151.0,146.25,151.03
2024-11-17,SKU028,33,32.0,40.0,26.0,32.75,33.5
2024-11-17,SKU029,110,95.0,75.0,96.0,94.0,106.57
2024-11-17,SKU030,30,28.0,27.0,26.0,27.75,29.63
2024-11-17,SKU031,105,113.0,129.0,112.0,114.75,105.8
2024-11-17,SKU032,53,68.0,51.0,48.0,55.0,53.4
2024-11-17,SKU033,103,123.0,118.0,114.0,114.5,103.89
2024-11-17,SKU034,131,122.0,137.0,111.0,125.25,130.87
2024-11-17,SKU035,117,124.0,119.0,102.0,115.5,115.76
2024-11-17,SKU036,40,33.0,28.0,21.0,30.5,38.0
2024-11-17,SKU037,161,162.0,153.0,141.0,154.25,159.84
2024-11-17,SKU038,52,34.0,55.0,45.0,46.5,50.29
2024-11-17,SKU039,18,24.0,21.0,19.0,20.5,19.26
2024-11-17,SKU040,101,114.0,89.0,92.0,99.0,102.38
2024-11-17,SKU041,65,75.0,66.0,63.0,67.25,65.35
2024-11-17,SKU042,148,121.0,136.0,114.0,129.75,145.66
2024-11-17,SKU043,140,128.0,130.0,132.0,132.5,138.55
2024-11-17,SKU044,54,48.0,59.0,57.0,54.5,53.77
2024-11-17,SKU045,170,143.0,145.0,173.0,157.75,165.13
2024-11-17,SKU046,69,56.0,55.0,40.0,55.0,66.88
2024-11-17,SKU047,82,93.0,93.0,79.0,86.75,82.53
2024-11-17,SKU048,57,45.0,63.0,53.0,54.5,56.32
2024-11-17,SKU049,141,160.0,140.0,148.0,147.25,143.04
2024-11-17,SKU050,48,54.0,36.0,38.0,44.0,47.71
2024-11-24,SKU001,88,80.0,99.0,83.0,87.5,89.47
2024-11-24,SKU002,66,67.0,52.0,65.0,62.5,66.78
2024-11-24,SKU003,39,38.0,41.0,17.0,33.75,36.62
2024-11-24,SKU004,19,26.0,29.0,32.0,26.5,20.13
2024-11-24,SKU005,104,123.0,109.0,109.0,111.25,105.33
2024-11-24,SKU006,41,28.0,40.0,40.0,37.25,39.66
2024-11-24,SKU007,167,159.0,172.0,152.0,162.5,166.55
2024-11-24,SKU008,88,106.0,97.0,99.0,97.5,89.32
2024-11-24,SKU009,60,67.0,71.0,66.0,66.0,61.07
2024-11-24,SKU010,121,113.0,100.0,109.0,110.75,119.82
2024-11-24,SKU011,25,16.0,11.0,15.0,16.75,23.57
2024-11-24,SKU012,177,179.0,156.0,183.0,173.75,176.34
2024-11-24,SKU013,101,96.0,72.0,93.0,90.5,98.68
2024-11-24,SKU014,152,124.0,130.0,132.0,134.5,148.17
2024-11-24,SKU015,34,19.0,25.0,25.0,25.75,31.19
2024-11-24,SKU016,94,104.0,84.0,98.0,95.0,92.88
2024-11-24,SKU017,97,86.0,95.0,90.0,92.0,96.41
2024-11-24,SKU018,153,150.0,162.0,170.0,158.75,154.06
2024-11-24,SKU019,113,112.0,95.0,98.0,104.5,111.67
2024-11-24,SKU020,69,87.0,81.0,71.0,77.0,70.03
2024-11-24,SKU021,54,63.0,58.0,58.0,58.25,54.04
2024-11-24,SKU022,64,69.0,54.0,56.0,60.75,63.73
2024-11-24,SKU023,98,94.0,85.0,86.0,90.75,96.6
2024-11-24,SKU024,74,72.0,78.0,86.0,77.5,74.93
2024-11-24,SKU025,26,17.0,18.0,21.0,20.5,25.24
2024-11-24,SKU026,124,156.0,127.0,130.0,134.25,130.03
2024-11-24,SKU027,163,153.0,143.0,138.0,149.25,160.12
2024-11-24,SKU028,30,33.0,32.0,40.0,33.75,29.82
2024-11-24,SKU029,114,110.0,95.0,75.0,98.5,110.86
2024-11-24,SKU030,30,30.0,28.0,27.0,28.75,30.02
2024-11-24,SKU031,113,105.0,113.0,129.0,115.0,114.37
2024-11-24,SKU032,41,53.0,68.0,51.0,53.25,42.85
2024-11-24,SKU033,109,103.0,123.0,118.0,113.25,107.67
2024-11-24,SKU034,121,131.0,122.0,137.0,127.75,121.15
2024-11-24,SKU035,135,117.0,124.0,119.0,123.75,131.34
2024-11-24,SKU036,33,40.0,33.0,28.0,33.5,32.91
2024-11-24,SKU037,147,161.0,162.0,153.0,155.75,147.59
2024-11-24,SKU038,49,52.0,34.0,55.0,47.5,49.65
2024-11-24,SKU039,24,18.0,24.0,21.0,21.75,22.73
2024-11-24,SKU040,92,101.0,114.0,89.0,99.0,94.88
2024-11-24,SKU041,62,65.0,75.0,66.0,67.0,63.09
2024-11-24,SKU042,138,148.0,121.0,136.0,135.75,138.36
2024-11-24,SKU043,142,140.0,128.0,130.0,135.0,141.58
2024-11-24,SKU044,44,54.0,48.0,59.0,51.25,44.82
2024-11-24,SKU045,162,170.0,143.0,145.0,155.0,162.14
2024-11-24,SKU046,60,69.0,56.0,55.0,60.0,60.0
2024-11-24,SKU047,85,82.0,93.0,93.0,88.25,85.11
2024-11-24,SKU048,55,57.0,45.0,63.0,55.0,56.08
2024-11-24,SKU049,136,141.0,160.0,140.0,144.25,137.73
2024-11-24,SKU050,39,48.0,54.0,36.0,44.25,39.99
2024-12-01,SKU001,68,88.0,80.0,99.0,83.75,71.55
2024-12-01,SKU002,57,66.0,67.0,52.0,60.5,58.7
2024-12-01,SKU003,36,39.0,38.0,41.0,38.5,36.18
2024-12-01,SKU004,24,19.0,26.0,29.0,24.5,24.45
2024-12-01,SKU005,79,104.0,123.0,109.0,103.75,84.73
2024-12-01,SKU006,44,41.0,28.0,40.0,38.25,42.82
2024-12-01,SKU007,132,167.0,159.0,172.0,157.5,138.03
2024-12-01,SKU008,108,88.0,106.0,97.0,99.75,106.45
2024-12-01,SKU009,52,60.0,67.0,71.0,62.5,54.47
2024-12-01,SKU010,93,121.0,113.0,100.0,106.75,94.83
2024-12-01,SKU011,22,25.0,16.0,11.0,18.5,20.38
2024-12-01,SKU012,170,177.0,179.0,156.0,170.5,170.97
2024-12-01,SKU013,81,101.0,96.0,72.0,87.5,80.56
2024-12-01,SKU014,142,152.0,124.0,130.0,137.0,142.44
2024-12-01,SKU015,22,34.0,19.0,25.0,25.0,23.44
2024-12-01,SKU016,97,94.0,104.0,84.0,94.75,96.91
2024-12-01,SKU017,82,97.0,86.0,95.0,90.0,84.78
2024-12-01,SKU018,143,153.0,150.0,162.0,152.0,144.08
2024-12-01,SKU019,110,113.0,112.0,95.0,107.5,112.15
2024-12-01,SKU020,84,69.0,87.0,81.0,80.25,84.13
2024-12-01,SKU021,37,54.0,63.0,58.0,53.0,39.84
2024-12-01,SKU022,61,64.0,69.0,54.0,62.0,61.12
2024-12-01,SKU023,111,98.0,94.0,85.0,97.0,110.17
2024-12-01,SKU024,65,74.0,72.0,78.0,72.25,66.05
2024-12-01,SKU025,5,26.0,17.0,18.0,16.5,8.87
2024-12-01,SKU026,116,124.0,156.0,127.0,130.75,118.33
2024-12-01,SKU027,152,163.0,153.0,143.0,152.75,153.85
2024-12-01,SKU028,41,30.0,33.0,32.0,34.0,40.08
2024-12-01,SKU029,83,114.0,110.0,95.0,100.5,87.77
2024-12-01,SKU030,32,30.0,30.0,28.0,30.0,31.11
2024-12-01,SKU031,103,113.0,105.0,113.0,108.5,104.61
2024-12-01,SKU032,50,41.0,53.0,68.0,53.0,50.27
2024-12-01,SKU033,86,109.0,103.0,123.0,105.25,89.36
2024-12-01,SKU034,142,121.0,131.0,122.0,129.0,139.1
2024-12-01,SKU035,132,135.0,117.0,124.0,127.0,131.79
2024-12-01,SKU036,25,33.0,40.0,33.0,32.75,25.95
2024-12-01,SKU037,133,147.0,161.0,162.0,150.75,133.21
2024-12-01,SKU038,34,49.0,52.0,34.0,42.25,37.01
2024-12-01,SKU039,11,24.0,18.0,24.0,19.25,12.25
2024-12-01,SKU040,92,92.0,101.0,114.0,99.75,92.82
2024-12-01,SKU041,66,62.0,65.0,75.0,67.0,66.67
2024-12-01,SKU042,133,138.0,148.0,121.0,135.0,134.19
2024-12-01,SKU043,127,142.0,140.0,128.0,134.25,126.79
2024-12-01,SKU044,59,44.0,54.0,48.0,51.25,56.29
2024-12-01,SKU045,161,162.0,170.0,143.0,159.0,160.43
2024-12-01,SKU046,48,60.0,69.0,56.0,58.25,50.14
2024-12-01,SKU047,78,85.0,82.0,93.0,84.5,78.32
2024-12-01,SKU048,56,55.0,57.0,45.0,53.25,54.83
2024-12-01,SKU049,145,136.0,141.0,160.0,145.5,146.76
2024-12-01,SKU050,37,39.0,48.0,54.0,44.5,38.95
2024-12-08,SKU001,83,68.0,88.0,80.0,79.75,82.48
2024-12-08,SKU002,66,57.0,66.0,67.0,64.0,65.76
2024-12-08,SKU003,38,36.0,39.0,38.0,37.75,37.04
2024-12-08,SKU004,30,24.0,19.0,26.0,24.75,28.76
2024-12-08,SKU005,95,79.0,104.0,123.0,100.25,93.29
2024-12-08,SKU006,44,44.0,41.0,28.0,39.25,42.3
2024-12-08,SKU007,148,132.0,167.0,159.0,151.5,144.81
2024-12-08,SKU008,109,108.0,88.0,106.0,102.75,106.23
2024-12-08,SKU009,55,52.0,60.0,67.0,58.5,55.3
2024-12-08,SKU010,99,93.0,121.0,113.0,106.5,99.58
2024-12-08,SKU011,25,22.0,25.0,16.0,22.0,24.12
2024-12-08,SKU012,147,170.0,177.0,179.0,168.25,150.82
2024-12-08,SKU013,95,81.0,101.0,96.0,93.25,94.35
2024-12-08,SKU014,128,142.0,152.0,124.0,136.5,127.01
2024-12-08,SKU015,29,22.0,34.0,19.0,26.0,27.35
2024-12-08,SKU016,83,97.0,94.0,104.0,94.5,84.52
2024-12-08,SKU017,81,82.0,97.0,86.0,86.5,83.24
2024-12-08,SKU018,182,143.0,153.0,150.0,157.0,176.69
2024-12-08,SKU019,120,110.0,113.0,112.0,113.75,119.08
2024-12-08,SKU020,88,84.0,69.0,87.0,82.0,86.71
2024-12-08,SKU021,55,37.0,54.0,63.0,52.25,53.66
2024-12-08,SKU022,62,61.0,64.0,69.0,64.0,61.58
2024-12-08,SKU023,104,111.0,98.0,94.0,101.75,105.32
2024-12-08,SKU024,76,65.0,74.0,72.0,71.75,76.41
2024-12-08,SKU025,22,5.0,26.0,17.0,17.5,19.4
2024-12-08,SKU026,162,116.0,124.0,156.0,139.5,156.76
2024-12-08,SKU027,153,152.0,163.0,153.0,155.25,152.54
2024-12-08,SKU028,36,41.0,30.0,33.0,35.0,35.56
2024-12-08,SKU029,110,83.0,114.0,110.0,104.25,106.87
2024-12-08,SKU030,30,32.0,30.0,30.0,30.5,30.94
2024-12-08,SKU031,114,103.0,113.0,105.0,108.75,114.3
2024-12-08,SKU032,54,50.0,41.0,53.0,49.5,53.96
2024-12-08,SKU033,107,86.0,109.0,103.0,101.25,104.51
2024-12-08,SKU034,128,142.0,121.0,131.0,130.5,127.56
2024-12-08,SKU035,135,132.0,135.0,117.0,129.75,135.86
2024-12-08,SKU036,26,25.0,33.0,40.0,31.0,27.72
2024-12-08,SKU037,171,133.0,147.0,161.0,153.0,168.22
2024-12-08,SKU038,55,34.0,49.0,52.0,47.5,51.54
2024-12-08,SKU039,14,11.0,24.0,18.0,16.75,14.93
2024-12-08,SKU040,97,92.0,92.0,101.0,95.5,96.09
2024-12-08,SKU041,75,66.0,62.0,65.0,67.0,74.94
2024-12-08,SKU042,159,133.0,138.0,148.0,144.5,156.08
2024-12-08,SKU043,147,127.0,142.0,140.0,139.0,145.36
2024-12-08,SKU044,50,59.0,44.0,54.0,51.75,50.71
2024-12-08,SKU045,151,161.0,162.0,170.0,161.0,153.84
2024-12-08,SKU046,51,48.0,60.0,69.0,57.0,51.6
2024-12-08,SKU047,78,78.0,85.0,82.0,80.75,78.96
2024-12-08,SKU048,50,56.0,55.0,57.0,54.5,51.93
2024-12-08,SKU049,149,145.0,136.0,141.0,142.75,147.57
2024-12-08,SKU050,33,37.0,39.0,48.0,39.25,33.79
2024-12-15,SKU001,94,83.0,68.0,88.0,83.25,90.03
2024-12-15,SKU002,57,66.0,57.0,66.0,61.5,57.72
2024-12-15,SKU003,23,38.0,36.0,39.0,34.0,24.75
2024-12-15,SKU004,33,30.0,24.0,19.0,26.5,31.41
2024-12-15,SKU005,107,95.0,79.0,104.0,96.25,104.55
2024-12-15,SKU006,34,44.0,44.0,41.0,40.75,35.4
2024-12-15,SKU007,137,148.0,132.0,167.0,146.0,139.66
2024-12-15,SKU008,104,109.0,108.0,88.0,102.25,104.34
2024-12-15,SKU009,71,55.0,52.0,60.0,59.5,69.18
2024-12-15,SKU010,106,99.0,93.0,121.0,104.75,106.64
2024-12-15,SKU011,15,25.0,22.0,25.0,21.75,15.95
2024-12-15,SKU012,184,147.0,170.0,177.0,169.5,179.05
2024-12-15,SKU013,94,95.0,81.0,101.0,92.75,94.92
2024-12-15,SKU014,135,128.0,142.0,152.0,139.25,138.67
2024-12-15,SKU015,21,29.0,22.0,34.0,26.5,23.4
2024-12-15,SKU016,71,83.0,97.0,94.0,86.25,73.09
2024-12-15,SKU017,88,81.0,82.0,97.0,87.0,87.98
2024-12-15,SKU018,150,182.0,143.0,153.0,157.0,154.11
2024-12-15,SKU019,97,120.0,110.0,113.0,110.0,97.7
2024-12-15,SKU020,80,88.0,84.0,69.0,80.25,80.49
2024-12-15,SKU021,63,55.0,37.0,54.0,52.25,59.35
2024-12-15,SKU022,70,62.0,61.0,64.0,64.25,69.61
2024-12-15,SKU023,80,104.0,111.0,98.0,98.25,83.95
2024-12-15,SKU024,101,76.0,65.0,74.0,79.0,96.37
2024-12-15,SKU025,24,22.0,5.0,26.0,19.25,21.28
2024-12-15,SKU026,148,162.0,116.0,124.0,137.5,146.52
2024-12-15,SKU027,154,153.0,152.0,163.0,155.5,153.05
2024-12-15,SKU028,48,36.0,41.0,30.0,38.75,47.19
2024-12-15,SKU029,95,110.0,83.0,114.0,100.5,96.23
2024-12-15,SKU030,38,30.0,32.0,30.0,32.5,36.72
2024-12-15,SKU031,107,114.0,103.0,113.0,109.25,108.03
2024-12-15,SKU032,58,54.0,50.0,41.0,50.75,55.72
2024-12-15,SKU033,127,107.0,86.0,109.0,107.25,121.22
2024-12-15,SKU034,137,128.0,142.0,121.0,132.0,137.43
2024-12-15,SKU035,133,135.0,132.0,135.0,133.75,133.4
2024-12-15,SKU036,36,26.0,25.0,33.0,30.0,33.86
2024-12-15,SKU037,173,171.0,133.0,147.0,156.0,168.98
2024-12-15,SKU038,56,55.0,34.0,49.0,48.5,53.17
2024-12-15,SKU039,17,14.0,11.0,24.0,16.5,16.55
2024-12-15,SKU040,90,97.0,92.0,92.0,92.75,91.95
2024-12-15,SKU041,54,75.0,66.0,62.0,64.25,55.98
2024-12-15,SKU042,132,159.0,133.0,138.0,140.5,134.77
2024-12-15,SKU043,133,147.0,127.0,142.0,137.25,135.23
2024-12-15,SKU044,54,50.0,59.0,44.0,51.75,52.34
2024-12-15,SKU045,149,151.0,161.0,162.0,155.75,148.19
2024-12-15,SKU046,63,51.0,48.0,60.0,55.5,60.64
2024-12-15,SKU047,85,78.0,78.0,85.0,81.5,86.42
2024-12-15,SKU048,55,50.0,56.0,55.0,54.0,55.67
2024-12-15,SKU049,150,149.0,145.0,136.0,145.0,146.52
2024-12-15,SKU050,37,33.0,37.0,39.0,36.5,36.48
2024-12-22,SKU001,77,94.0,83.0,68.0,80.5,77.58
2024-12-22,SKU002,59,57.0,66.0,57.0,59.75,59.78
2024-12-22,SKU003,48,23.0,38.0,36.0,36.25,44.12
2024-12-22,SKU004,27,33.0,30.0,24.0,28.5,27.04
2024-12-22,SKU005,110,107.0,95.0,79.0,97.75,109.45
2024-12-22,SKU006,44,34.0,44.0,44.0,41.5,43.39
2024-12-22,SKU007,167,137.0,148.0,132.0,146.0,162.18
2024-12-22,SKU008,82,104.0,109.0,108.0,100.75,83.87
2024-12-22,SKU009,76,71.0,55.0,52.0,63.5,73.29
2024-12-22,SKU010,109,106.0,99.0,93.0,101.75,108.66
2024-12-22,SKU011,20,15.0,25.0,22.0,20.5,20.15
2024-12-22,SKU012,161,184.0,147.0,170.0,165.5,162.42
2024-12-22,SKU013,84,94.0,95.0,81.0,88.5,84.53
2024-12-22,SKU014,141,135.0,128.0,142.0,136.5,140.52
2024-12-22,SKU015,26,21.0,29.0,22.0,24.5,26.22
2024-12-22,SKU016,82,71.0,83.0,97.0,83.25,82.98
2024-12-22,SKU017,80,88.0,81.0,82.0,82.75,81.41
2024-12-22,SKU018,172,150.0,182.0,143.0,161.75,170.67
2024-12-22,SKU019,106,97.0,120.0,110.0,108.25,105.08
2024-12-22,SKU020,81,80.0,88.0,84.0,83.25,83.07
2024-12-22,SKU021,50,63.0,55.0,37.0,51.25,50.13
2024-12-22,SKU022,46,70.0,62.0,61.0,59.75,49.06
2024-12-22,SKU023,90,80.0,104.0,111.0,96.25,91.65
2024-12-22,SKU024,75,101.0,76.0,65.0,79.25,77.54
2024-12-22,SKU025,22,24.0,22.0,5.0,18.25,20.3
2024-12-22,SKU026,131,148.0,162.0,116.0,139.25,133.78
2024-12-22,SKU027,133,154.0,153.0,152.0,148.0,134.07
2024-12-22,SKU028,45,48.0,36.0,41.0,42.5,45.13
2024-12-22,SKU029,109,95.0,110.0,83.0,99.25,105.87
2024-12-22,SKU030,32,38.0,30.0,32.0,33.0,32.01
2024-12-22,SKU031,106,107.0,114.0,103.0,107.5,107.28
2024-12-22,SKU032,59,58.0,54.0,50.0,55.25,60.2
2024-12-22,SKU033,120,127.0,107.0,86.0,110.0,116.34
2024-12-22,SKU034,114,137.0,128.0,142.0,130.25,117.11
2024-12-22,SKU035,134,133.0,135.0,132.0,133.5,133.26
2024-12-22,SKU036,25,36.0,26.0,25.0,28.0,25.75
2024-12-22,SKU037,177,173.0,171.0,133.0,163.5,173.68
2024-12-22,SKU038,45,56.0,55.0,34.0,47.5,48.12
2024-12-22,SKU039,13,17.0,14.0,11.0,13.75,13.12
2024-12-22,SKU040,99,90.0,97.0,92.0,94.5,97.77
2024-12-22,SKU041,79,54.0,75.0,66.0,68.5,75.12
2024-12-22,SKU042,122,132.0,159.0,133.0,136.5,124.79
2024-12-22,SKU043,133,133.0,147.0,127.0,135.0,133.05
2024-12-22,SKU044,52,54.0,50.0,59.0,53.75,52.82
2024-12-22,SKU045,159,149.0,151.0,161.0,155.0,158.22
2024-12-22,SKU046,59,63.0,51.0,48.0,55.25,57.38
2024-12-22,SKU047,92,85.0,78.0,78.0,83.25,91.38
2024-12-22,SKU048,41,55.0,50.0,56.0,50.5,42.57
2024-12-22,SKU049,161,150.0,149.0,145.0,151.25,159.11
2024-12-22,SKU050,32,37.0,33.0,37.0,34.75,32.26
2024-12-29,SKU001,105,77.0,94.0,83.0,89.75,102.15
2024-12-29,SKU002,65,59.0,57.0,66.0,61.75,63.75
2024-12-29,SKU003,30,48.0,23.0,38.0,34.75,31.29
2024-12-29,SKU004,28,27.0,33.0,30.0,29.5,27.35
2024-12-29,SKU005,106,110.0,107.0,95.0,104.5,106.75
2024-12-29,SKU006,48,44.0,34.0,44.0,42.5,46.56
2024-12-29,SKU007,147,167.0,137.0,148.0,149.75,147.11
2024-12-29,SKU008,97,82.0,104.0,109.0,98.0,96.53
2024-12-29,SKU009,68,76.0,71.0,55.0,67.5,68.96
2024-12-29,SKU010,109,109.0,106.0,99.0,105.75,108.94
2024-12-29,SKU011,17,20.0,15.0,25.0,19.25,16.56
2024-12-29,SKU012,161,161.0,184.0,147.0,163.25,162.91
2024-12-29,SKU013,83,84.0,94.0,95.0,89.0,83.97
2024-12-29,SKU014,135,141.0,135.0,128.0,134.75,133.16
2024-12-29,SKU015,32,26.0,21.0,29.0,27.0,30.82
2024-12-29,SKU016,75,82.0,71.0,83.0,77.75,77.45
2024-12-29,SKU017,94,80.0,88.0,81.0,85.75,92.41
2024-12-29,SKU018,154,172.0,150.0,182.0,164.5,154.82
2024-12-29,SKU019,86,106.0,97.0,120.0,102.25,92.71
2024-12-29,SKU020,87,81.0,80.0,88.0,84.0,87.38
2024-12-29,SKU021,54,50.0,63.0,55.0,55.5,54.78
2024-12-29,SKU022,59,46.0,70.0,62.0,59.25,59.16
2024-12-29,SKU023,99,90.0,80.0,104.0,93.25,98.16
2024-12-29,SKU024,71,75.0,101.0,76.0,80.75,73.4
2024-12-29,SKU025,16,22.0,24.0,22.0,21.0,16.87
2024-12-29,SKU026,145,131.0,148.0,162.0,146.5,142.49
2024-12-29,SKU027,172,133.0,154.0,153.0,153.0,169.46
2024-12-29,SKU028,37,45.0,48.0,36.0,41.5,38.16
2024-12-29,SKU029,96,109.0,95.0,110.0,102.5,96.88
2024-12-29,SKU030,27,32.0,38.0,30.0,31.75,28.08
2024-12-29,SKU031,108,106.0,107.0,114.0,108.75,108.35
2024-12-29,SKU032,64,59.0,58.0,54.0,58.75,63.93
2024-12-29,SKU033,108,120.0,127.0,107.0,115.5,108.7
2024-12-29,SKU034,127,114.0,137.0,128.0,126.5,126.42
2024-12-29,SKU035,126,134.0,133.0,135.0,132.0,127.07
2024-12-29,SKU036,37,25.0,36.0,26.0,31.0,36.43
2024-12-29,SKU037,137,177.0,173.0,171.0,164.5,141.28
2024-12-29,SKU038,45,45.0,56.0,55.0,50.25,46.57
2024-12-29,SKU039,16,13.0,17.0,14.0,15.0,15.88
2024-12-29,SKU040,103,99.0,90.0,97.0,97.25,103.03
2024-12-29,SKU041,80,79.0,54.0,75.0,72.0,78.23
2024-12-29,SKU042,158,122.0,132.0,159.0,142.75,156.02
2024-12-29,SKU043,131,133.0,133.0,147.0,136.0,130.06
2024-12-29,SKU044,60,52.0,54.0,50.0,54.0,60.53
2024-12-29,SKU045,190,159.0,149.0,151.0,162.25,187.24
2024-12-29,SKU046,66,59.0,63.0,51.0,59.75,64.43
2024-12-29,SKU047,82,92.0,85.0,78.0,84.25,82.22
2024-12-29,SKU048,62,41.0,55.0,50.0,52.0,58.88
2024-12-29,SKU049,135,161.0,150.0,149.0,148.75,136.85
2024-12-29,SKU050,54,32.0,37.0,33.0,39.0,50.4
2025-01-05,SKU001,78,105.0,77.0,94.0,88.5,78.57
2025-01-05,SKU002,70,65.0,59.0,57.0,62.75,69.64
2025-01-05,SKU003,32,30.0,48.0,23.0,33.25,31.99
2025-01-05,SKU004,37,28.0,27.0,33.0,31.25,35.91
2025-01-05,SKU005,111,106.0,110.0,107.0,108.5,110.36
2025-01-05,SKU006,45,48.0,44.0,34.0,42.75,43.98
2025-01-05,SKU007,175,147.0,167.0,137.0,156.5,170.01
2025-01-05,SKU008,103,97.0,82.0,104.0,96.5,100.92
2025-01-05,SKU009,66,68.0,76.0,71.0,70.25,67.21
2025-01-05,SKU010,116,109.0,109.0,106.0,110.0,115.57
2025-01-05,SKU011,17,17.0,20.0,15.0,17.25,17.61
2025-01-05,SKU012,161,161.0,161.0,184.0,166.75,162.28
2025-01-05,SKU013,82,83.0,84.0,94.0,85.75,81.19
2025-01-05,SKU014,131,135.0,141.0,135.0,135.5,131.46
2025-01-05,SKU015,31,32.0,26.0,21.0,27.5,30.12
2025-01-05,SKU016,92,75.0,82.0,71.0,80.0,90.44
2025-01-05,SKU017,85,94.0,80.0,88.0,86.75,85.71
2025-01-05,SKU018,181,154.0,172.0,150.0,164.25,176.74
2025-01-05,SKU019,100,86.0,106.0,97.0,97.25,98.54
2025-01-05,SKU020,93,87.0,81.0,80.0,85.25,90.04
2025-01-05,SKU021,48,54.0,50.0,63.0,53.75,50.29
2025-01-05,SKU022,77,59.0,46.0,70.0,63.0,72.7
2025-01-05,SKU023,117,99.0,90.0,80.0,96.5,114.11
2025-01-05,SKU024,101,71.0,75.0,101.0,87.0,97.62
2025-01-05,SKU025,15,16.0,22.0,24.0,19.25,14.94
2025-01-05,SKU026,147,145.0,131.0,148.0,142.75,148.8
2025-01-05,SKU027,185,172.0,133.0,154.0,161.0,181.86
2025-01-05,SKU028,47,37.0,45.0,48.0,44.25,45.22
2025-01-05,SKU029,114,96.0,109.0,95.0,103.5,112.67
2025-01-05,SKU030,21,27.0,32.0,38.0,29.5,23.44
2025-01-05,SKU031,138,108.0,106.0,107.0,114.75,135.33
2025-01-05,SKU032,57,64.0,59.0,58.0,59.5,57.39
2025-01-05,SKU033,103,108.0,120.0,127.0,114.5,104.38
2025-01-05,SKU034,129,127.0,114.0,137.0,126.75,126.6
2025-01-05,SKU035,139,126.0,134.0,133.0,133.0,136.36
2025-01-05,SKU036,22,37.0,25.0,36.0,30.0,24.58
2025-01-05,SKU037,159,137.0,177.0,173.0,161.5,159.85
2025-01-05,SKU038,57,45.0,45.0,56.0,50.75,55.75
2025-01-05,SKU039,13,16.0,13.0,17.0,14.75,14.1
2025-01-05,SKU040,101,103.0,99.0,90.0,98.25,101.3
2025-01-05,SKU041,74,80.0,79.0,54.0,71.75,73.82
2025-01-05,SKU042,157,158.0,122.0,132.0,142.25,156.31
2025-01-05,SKU043,169,131.0,133.0,133.0,141.5,163.67
2025-01-05,SKU044,63,60.0,52.0,54.0,57.25,62.32
2025-01-05,SKU045,162,190.0,159.0,149.0,165.0,164.83
2025-01-05,SKU046,56,66.0,59.0,63.0,61.0,56.3
2025-01-05,SKU047,114,82.0,92.0,85.0,93.25,108.05
2025-01-05,SKU048,52,62.0,41.0,55.0,52.5,52.58
2025-01-05,SKU049,198,135.0,161.0,150.0,161.0,190.91
2025-01-05,SKU050,47,54.0,32.0,37.0,42.5,46.66
2025-01-12,SKU001,100,78.0,105.0,77.0,90.0,94.94
2025-01-12,SKU002,63,70.0,65.0,59.0,64.25,62.87
2025-01-12,SKU003,34,32.0,30.0,48.0,36.0,34.97
2025-01-12,SKU004,35,37.0,28.0,27.0,31.75,34.04
2025-01-12,SKU005,97,111.0,106.0,110.0,106.0,98.69
2025-01-12,SKU006,50,45.0,48.0,44.0,46.75,49.64
2025-01-12,SKU007,171,175.0,147.0,167.0,165.0,168.44
2025-01-12,SKU008,105,103.0,97.0,82.0,96.75,105.88
2025-01-12,SKU009,55,66.0,68.0,76.0,66.25,58.51
2025-01-12,SKU010,118,116.0,109.0,109.0,113.0,118.0
2025-01-12,SKU011,21,17.0,17.0,20.0,18.75,20.16
2025-01-12,SKU012,180,161.0,161.0,161.0,165.75,178.57
2025-01-12,SKU013,93,82.0,83.0,84.0,85.5,91.01
2025-01-12,SKU014,131,131.0,135.0,141.0,134.5,131.05
2025-01-12,SKU015,25,31.0,32.0,26.0,28.5,25.29
2025-01-12,SKU016,97,92.0,75.0,82.0,86.5,95.27
2025-01-12,SKU017,97,85.0,94.0,80.0,89.0,95.1
2025-01-12,SKU018,172,181.0,154.0,172.0,169.75,172.86
2025-01-12,SKU019,114,100.0,86.0,106.0,101.5,111.08
2025-01-12,SKU020,83,93.0,87.0,81.0,86.0,83.41
2025-01-12,SKU021,63,48.0,54.0,50.0,53.75,61.88
2025-01-12,SKU022,77,77.0,59.0,46.0,64.75,72.51
2025-01-12,SKU023,114,117.0,99.0,90.0,105.0,113.88
2025-01-12,SKU024,77,101.0,71.0,75.0,81.0,78.75
2025-01-12,SKU025,21,15.0,16.0,22.0,18.5,18.95
2025-01-12,SKU026,165,147.0,145.0,131.0,147.0,163.5
2025-01-12,SKU027,167,185.0,172.0,133.0,164.25,167.75
2025-01-12,SKU028,41,47.0,37.0,45.0,42.5,42.69
2025-01-12,SKU029,110,114.0,96.0,109.0,107.25,110.95
2025-01-12,SKU030,31,21.0,27.0,32.0,27.75,30.03
2025-01-12,SKU031,145,138.0,108.0,106.0,124.25,140.82
2025-01-12,SKU032,54,57.0,64.0,59.0,58.5,56.23
2025-01-12,SKU033,123,103.0,108.0,120.0,113.5,121.18
2025-01-12,SKU034,128,129.0,127.0,114.0,124.5,127.27
2025-01-12,SKU035,149,139.0,126.0,134.0,137.0,148.48
2025-01-12,SKU036,32,22.0,37.0,25.0,29.0,30.03
2025-01-12,SKU037,156,159.0,137.0,177.0,157.25,151.15
2025-01-12,SKU038,48,57.0,45.0,45.0,48.75,48.14
2025-01-12,SKU039,25,13.0,16.0,13.0,16.75,23.58
2025-01-12,SKU040,115,101.0,103.0,99.0,104.5,113.2
2025-01-12,SKU041,98,74.0,80.0,79.0,82.75,96.23
2025-01-12,SKU042,137,157.0,158.0,122.0,143.5,139.09
2025-01-12,SKU043,166,169.0,131.0,133.0,149.75,162.94
2025-01-12,SKU044,76,63.0,60.0,52.0,62.75,72.76
2025-01-12,SKU045,169,162.0,190.0,159.0,170.0,168.94
2025-01-12,SKU046,72,56.0,66.0,59.0,63.25,71.14
2025-01-12,SKU047,110,114.0,82.0,92.0,99.5,106.84
2025-01-12,SKU048,57,52.0,62.0,41.0,53.0,54.65
2025-01-12,SKU049,177,198.0,135.0,161.0,167.75,174.25
2025-01-12,SKU050,40,47.0,54.0,32.0,43.25,39.84
2025-01-19,SKU001,89,100.0,78.0,105.0,93.0,88.82
2025-01-19,SKU002,67,63.0,70.0,65.0,66.25,66.77
2025-01-19,SKU003,41,34.0,32.0,30.0,34.25,40.57
2025-01-19,SKU004,24,35.0,37.0,28.0,31.0,25.66
2025-01-19,SKU005,133,97.0,111.0,106.0,111.75,129.28
2025-01-19,SKU006,46,50.0,45.0,48.0,47.25,46.57
2025-01-19,SKU007,156,171.0,175.0,147.0,162.25,159.71
2025-01-19,SKU008,111,105.0,103.0,97.0,104.0,109.67
2025-01-19,SKU009,70,55.0,66.0,68.0,64.75,68.4
2025-01-19,SKU010,113,118.0,116.0,109.0,114.0,114.77
2025-01-19,SKU011,19,21.0,17.0,17.0,18.5,18.93
2025-01-19,SKU012,194,180.0,161.0,161.0,174.0,190.76
2025-01-19,SKU013,98,93.0,82.0,83.0,89.0,96.51
2025-01-19,SKU014,144,131.0,131.0,135.0,135.25,143.25
2025-01-19,SKU015,27,25.0,31.0,32.0,28.75,27.12
2025-01-19,SKU016,76,97.0,92.0,75.0,85.0,78.32
2025-01-19,SKU017,106,97.0,85.0,94.0,95.5,104.95
2025-01-19,SKU018,164,172.0,181.0,154.0,167.75,164.92
2025-01-19,SKU019,113,114.0,100.0,86.0,103.25,112.25
2025-01-19,SKU020,95,83.0,93.0,87.0,89.5,95.88
2025-01-19,SKU021,60,63.0,48.0,54.0,56.25,59.54
2025-01-19,SKU022,69,77.0,77.0,59.0,70.5,68.21
2025-01-19,SKU023,92,114.0,117.0,99.0,105.5,94.09
2025-01-19,SKU024,73,77.0,101.0,71.0,80.5,75.34
2025-01-19,SKU025,12,21.0,15.0,16.0,16.0,13.31
2025-01-19,SKU026,136,165.0,147.0,145.0,148.25,138.77
2025-01-19,SKU027,190,167.0,185.0,172.0,178.5,189.64
2025-01-19,SKU028,43,41.0,47.0,37.0,42.0,43.69
2025-01-19,SKU029,124,110.0,114.0,96.0,111.0,121.59
2025-01-19,SKU030,34,31.0,21.0,27.0,28.25,32.82
2025-01-19,SKU031,132,145.0,138.0,108.0,130.75,132.36
2025-01-19,SKU032,67,54.0,57.0,64.0,60.5,66.21
2025-01-19,SKU033,138,123.0,103.0,108.0,118.0,135.58
2025-01-19,SKU034,134,128.0,129.0,127.0,129.5,134.28
2025-01-19,SKU035,122,149.0,139.0,126.0,134.0,123.42
2025-01-19,SKU036,36,32.0,22.0,37.0,31.75,34.98
2025-01-19,SKU037,158,156.0,159.0,137.0,152.5,157.44
2025-01-19,SKU038,48,48.0,57.0,45.0,49.5,48.76
2025-01-19,SKU039,25,25.0,13.0,16.0,19.75,24.17
2025-01-19,SKU040,112,115.0,101.0,103.0,107.75,112.82
2025-01-19,SKU041,74,98.0,74.0,80.0,81.5,77.54
2025-01-19,SKU042,155,137.0,157.0,158.0,151.75,154.89
2025-01-19,SKU043,157,166.0,169.0,131.0,155.75,156.1
2025-01-19,SKU044,81,76.0,63.0,60.0,70.0,77.83
2025-01-19,SKU045,145,169.0,162.0,190.0,166.5,150.48
2025-01-19,SKU046,66,72.0,56.0,66.0,65.0,65.38
2025-01-19,SKU047,84,110.0,114.0,82.0,97.5,89.54
2025-01-19,SKU048,61,57.0,52.0,62.0,58.0,60.1
2025-01-19,SKU049,183,177.0,198.0,135.0,173.25,177.1
2025-01-19,SKU050,40,40.0,47.0,54.0,45.25,40.3
2025-01-26,SKU001,103,89.0,100.0,78.0,92.5,102.16
2025-01-26,SKU002,66,67.0,63.0,70.0,66.5,65.58
2025-01-26,SKU003,23,41.0,34.0,32.0,32.5,25.28
2025-01-26,SKU004,38,24.0,35.0,37.0,33.5,36.75
2025-01-26,SKU005,110,133.0,97.0,111.0,112.75,111.73
2025-01-26,SKU006,51,46.0,50.0,45.0,48.0,50.76
2025-01-26,SKU007,179,156.0,171.0,175.0,170.25,177.2
2025-01-26,SKU008,106,111.0,105.0,103.0,106.25,104.54
2025-01-26,SKU009,71,70.0,55.0,66.0,65.5,69.01
2025-01-26,SKU010,118,113.0,118.0,116.0,116.25,116.69
2025-01-26,SKU011,24,19.0,21.0,17.0,20.25,23.35
2025-01-26,SKU012,191,194.0,180.0,161.0,181.5,190.8
2025-01-26,SKU013,87,98.0,93.0,82.0,90.0,88.08
2025-01-26,SKU014,181,144.0,131.0,131.0,146.75,174.83
2025-01-26,SKU015,32,27.0,25.0,31.0,28.75,31.41
2025-01-26,SKU016,100,76.0,97.0,92.0,91.25,97.94
2025-01-26,SKU017,89,106.0,97.0,85.0,94.25,88.93
2025-01-26,SKU018,163,164.0,172.0,181.0,170.0,164.68
2025-01-26,SKU019,115,113.0,114.0,100.0,110.5,114.97
2025-01-26,SKU020,100,95.0,83.0,93.0,92.75,99.59
2025-01-26,SKU021,57,60.0,63.0,48.0,57.0,56.53
2025-01-26,SKU022,79,69.0,77.0,77.0,75.5,77.7
2025-01-26,SKU023,83,92.0,114.0,117.0,101.5,84.95
2025-01-26,SKU024,80,73.0,77.0,101.0,82.75,82.53
2025-01-26,SKU025,21,12.0,21.0,15.0,17.25,20.31
2025-01-26,SKU026,165,136.0,165.0,147.0,153.25,164.41
2025-01-26,SKU027,179,190.0,167.0,185.0,180.25,177.34
2025-01-26,SKU028,42,43.0,41.0,47.0,43.25,43.23
2025-01-26,SKU029,91,124.0,110.0,114.0,109.75,93.91
2025-01-26,SKU030,36,34.0,31.0,21.0,30.5,35.08
2025-01-26,SKU031,140,132.0,145.0,138.0,138.75,140.67
2025-01-26,SKU032,64,67.0,54.0,57.0,60.5,63.71
2025-01-26,SKU033,129,138.0,123.0,103.0,123.25,129.27
2025-01-26,SKU034,148,134.0,128.0,129.0,134.75,146.29
2025-01-26,SKU035,148,122.0,149.0,139.0,139.5,145.8
2025-01-26,SKU036,38,36.0,32.0,22.0,32.0,36.69
2025-01-26,SKU037,163,158.0,156.0,159.0,159.0,162.43
2025-01-26,SKU038,42,48.0,48.0,57.0,48.75,43.29
2025-01-26,SKU039,24,25.0,25.0,13.0,21.75,22.45
2025-01-26,SKU040,101,112.0,115.0,101.0,107.25,103.07
2025-01-26,SKU041,72,74.0,98.0,74.0,79.5,74.61
2025-01-26,SKU042,149,155.0,137.0,157.0,149.5,150.01
2025-01-26,SKU043,155,157.0,166.0,169.0,161.75,156.05
2025-01-26,SKU044,71,81.0,76.0,63.0,72.75,71.51
2025-01-26,SKU045,184,145.0,169.0,162.0,165.0,180.76
2025-01-26,SKU046,60,66.0,72.0,56.0,63.5,60.62
2025-01-26,SKU047,90,84.0,110.0,114.0,99.5,89.97
2025-01-26,SKU048,71,61.0,57.0,52.0,60.25,68.87
2025-01-26,SKU049,154,183.0,177.0,198.0,178.0,160.37
2025-01-26,SKU050,45,40.0,40.0,47.0,43.0,44.65
2025-02-02,SKU001,100,103.0,89.0,100.0,98.0,99.76
2025-02-02,SKU002,85,66.0,67.0,63.0,70.25,81.03
2025-02-02,SKU003,40,23.0,41.0,34.0,34.5,39.67
2025-02-02,SKU004,34,38.0,24.0,35.0,32.75,33.76
2025-02-02,SKU005,107,110.0,133.0,97.0,111.75,108.5
2025-02-02,SKU006,47,51.0,46.0,50.0,48.5,47.02
2025-02-02,SKU007,178,179.0,156.0,171.0,171.0,178.15
2025-02-02,SKU008,121,106.0,111.0,105.0,110.75,120.33
2025-02-02,SKU009,69,71.0,70.0,55.0,66.25,68.69
2025-02-02,SKU010,97,118.0,113.0,118.0,111.5,98.63
2025-02-02,SKU011,13,24.0,19.0,21.0,19.25,13.82
2025-02-02,SKU012,172,191.0,194.0,180.0,184.25,174.48
2025-02-02,SKU013,91,87.0,98.0,93.0,92.25,91.81
2025-02-02,SKU014,126,181.0,144.0,131.0,145.5,130.67
2025-02-02,SKU015,29,32.0,27.0,25.0,28.25,28.98
2025-02-02,SKU016,95,100.0,76.0,97.0,92.0,95.01
2025-02-02,SKU017,89,89.0,106.0,97.0,95.25,90.66
2025-02-02,SKU018,178,163.0,164.0,172.0,169.25,177.11
2025-02-02,SKU019,109,115.0,113.0,114.0,112.75,110.27
2025-02-02,SKU020,79,100.0,95.0,83.0,89.25,80.59
2025-02-02,SKU021,73,57.0,60.0,63.0,63.25,72.09
2025-02-02,SKU022,75,79.0,69.0,77.0,75.0,75.49
2025-02-02,SKU023,106,83.0,92.0,114.0,98.75,104.72
2025-02-02,SKU024,88,80.0,73.0,77.0,79.5,88.14
2025-02-02,SKU025,17,21.0,12.0,21.0,17.75,17.6
2025-02-02,SKU026,161,165.0,136.0,165.0,156.75,158.48
2025-02-02,SKU027,160,179.0,190.0,167.0,174.0,162.81
2025-02-02,SKU028,38,42.0,43.0,41.0,41.0,38.74
2025-02-02,SKU029,111,91.0,124.0,110.0,109.0,108.29
2025-02-02,SKU030,26,36.0,34.0,31.0,31.75,25.86
2025-02-02,SKU031,131,140.0,132.0,145.0,137.0,132.28
2025-02-02,SKU032,63,64.0,67.0,54.0,62.0,62.72
2025-02-02,SKU033,139,129.0,138.0,123.0,132.25,139.59
2025-02-02,SKU034,142,148.0,134.0,128.0,138.0,140.9
2025-02-02,SKU035,140,148.0,122.0,149.0,139.75,142.54
2025-02-02,SKU036,39,38.0,36.0,32.0,36.25,38.79
2025-02-02,SKU037,167,163.0,158.0,156.0,161.0,168.29
2025-02-02,SKU038,46,42.0,48.0,48.0,46.0,45.7
2025-02-02,SKU039,25,24.0,25.0,25.0,24.75,24.99
2025-02-02,SKU040,110,101.0,112.0,115.0,109.5,108.91
2025-02-02,SKU041,80,72.0,74.0,98.0,81.0,80.13
2025-02-02,SKU042,162,149.0,155.0,137.0,150.75,160.26
2025-02-02,SKU043,161,155.0,157.0,166.0,159.75,159.31
2025-02-02,SKU044,67,71.0,81.0,76.0,73.75,68.62
2025-02-02,SKU045,184,184.0,145.0,169.0,170.5,184.29
2025-02-02,SKU046,66,60.0,66.0,72.0,66.0,65.4
2025-02-02,SKU047,99,90.0,84.0,110.0,95.75,97.65
2025-02-02,SKU048,63,71.0,61.0,57.0,63.0,64.69
2025-02-02,SKU049,160,154.0,183.0,177.0,168.5,160.89
2025-02-02,SKU050,36,45.0,40.0,40.0,40.25,36.0
2025-02-09,SKU001,106,100.0,103.0,89.0,99.5,104.88
2025-02-09,SKU002,71,85.0,66.0,67.0,72.25,71.88
2025-02-09,SKU003,34,40.0,23.0,41.0,34.5,34.11
2025-02-09,SKU004,32,34.0,38.0,24.0,32.0,32.31
2025-02-09,SKU005,123,107.0,110.0,133.0,118.25,120.82
2025-02-09,SKU006,46,47.0,51.0,46.0,47.5,47.4
2025-02-09,SKU007,179,178.0,179.0,156.0,173.0,176.98
2025-02-09,SKU008,134,121.0,106.0,111.0,118.0,132.96
2025-02-09,SKU009,86,69.0,71.0,70.0,74.0,84.37
2025-02-09,SKU010,124,97.0,118.0,113.0,113.0,119.53
2025-02-09,SKU011,16,13.0,24.0,19.0,18.0,15.34
2025-02-09,SKU012,195,172.0,191.0,194.0,188.0,192.26
2025-02-09,SKU013,97,91.0,87.0,98.0,93.25,97.34
2025-02-09,SKU014,167,126.0,181.0,144.0,154.5,162.92
2025-02-09,SKU015,31,29.0,32.0,27.0,29.75,30.62
2025-02-09,SKU016,112,95.0,100.0,76.0,95.75,108.74
2025-02-09,SKU017,112,89.0,89.0,106.0,99.0,110.32
2025-02-09,SKU018,175,178.0,163.0,164.0,170.0,174.26
2025-02-09,SKU019,95,109.0,115.0,113.0,108.0,97.71
2025-02-09,SKU020,93,79.0,100.0,95.0,91.75,92.32
2025-02-09,SKU021,63,73.0,57.0,60.0,63.25,62.67
2025-02-09,SKU022,75,75.0,79.0,69.0,74.5,75.16
2025-02-09,SKU023,98,106.0,83.0,92.0,94.75,98.06
2025-02-09,SKU024,84,88.0,80.0,73.0,81.25,82.78
2025-02-09,SKU025,28,17.0,21.0,12.0,19.5,25.51
2025-02-09,SKU026,170,161.0,165.0,136.0,158.0,167.91
2025-02-09,SKU027,197,160.0,179.0,190.0,181.5,194.05
2025-02-09,SKU028,44,38.0,42.0,43.0,41.75,42.56
2025-02-09,SKU029,105,111.0,91.0,124.0,107.75,108.62
2025-02-09,SKU030,41,26.0,36.0,34.0,34.25,40.71
2025-02-09,SKU031,152,131.0,140.0,132.0,138.75,148.96
2025-02-09,SKU032,74,63.0,64.0,67.0,67.0,71.92
2025-02-09,SKU033,146,139.0,129.0,138.0,138.0,145.66
2025-02-09,SKU034,145,142.0,148.0,134.0,142.25,146.09
2025-02-09,SKU035,179,140.0,148.0,122.0,147.25,172.8
2025-02-09,SKU036,39,39.0,38.0,36.0,38.0,39.73
2025-02-09,SKU037,181,167.0,163.0,158.0,167.25,179.1
2025-02-09,SKU038,47,46.0,42.0,48.0,45.75,46.43
2025-02-09,SKU039,26,25.0,24.0,25.0,25.0,25.44
2025-02-09,SKU040,102,110.0,101.0,112.0,106.25,102.63
2025-02-09,SKU041,77,80.0,72.0,74.0,75.75,75.55
2025-02-09,SKU042,151,162.0,149.0,155.0,154.25,152.83
2025-02-09,SKU043,191,161.0,155.0,157.0,166.0,186.54
2025-02-09,SKU044,69,67.0,71.0,81.0,72.0,70.31
2025-02-09,SKU045,179,184.0,184.0,145.0,173.0,176.92
2025-02-09,SKU046,76,66.0,60.0,66.0,67.0,74.55
2025-02-09,SKU047,108,99.0,90.0,84.0,95.25,107.74
2025-02-09,SKU048,53,63.0,71.0,61.0,62.0,54.47
2025-02-09,SKU049,199,160.0,154.0,183.0,174.0,192.27
2025-02-09,SKU050,41,36.0,45.0,40.0,40.5,40.81
2025-02-16,SKU001,124,106.0,100.0,103.0,108.25,121.63
2025-02-16,SKU002,79,71.0,85.0,66.0,75.25,77.75
2025-02-16,SKU003,47,34.0,40.0,23.0,36.0,44.64
2025-02-16,SKU004,37,32.0,34.0,38.0,35.25,37.01
2025-02-16,SKU005,132,123.0,107.0,110.0,118.0,131.84
2025-02-16,SKU006,45,46.0,47.0,51.0,47.25,44.82
2025-02-16,SKU007,171,179.0,178.0,179.0,176.75,171.76
2025-02-16,SKU008,122,134.0,121.0,106.0,120.75,123.16
2025-02-16,SKU009,74,86.0,69.0,71.0,75.0,74.37
2025-02-16,SKU010,128,124.0,97.0,118.0,116.75,123.24
2025-02-16,SKU011,16,16.0,13.0,24.0,17.25,15.76
2025-02-16,SKU012,203,195.0,172.0,191.0,190.25,201.09
2025-02-16,SKU013,97,97.0,91.0,87.0,93.0,95.81
2025-02-16,SKU014,188,167.0,126.0,181.0,165.5,179.41
2025-02-16,SKU015,37,31.0,29.0,32.0,32.25,35.37
2025-02-16,SKU016,93,112.0,95.0,100.0,100.0,94.75
2025-02-16,SKU017,97,112.0,89.0,89.0,96.75,98.17
2025-02-16,SKU018,186,175.0,178.0,163.0,175.5,182.46
2025-02-16,SKU019,111,95.0,109.0,115.0,107.5,111.1
2025-02-16,SKU020,105,93.0,79.0,100.0,94.25,102.73
2025-02-16,SKU021,73,63.0,73.0,57.0,66.5,71.4
2025-02-16,SKU022,86,75.0,75.0,79.0,78.75,85.73
2025-02-16,SKU023,113,98.0,106.0,83.0,100.0,110.27
2025-02-16,SKU024,95,84.0,88.0,80.0,86.75,92.15
2025-02-16,SKU025,16,28.0,17.0,21.0,20.5,17.51
2025-02-16,SKU026,166,170.0,161.0,165.0,165.5,166.75
2025-02-16,SKU027,187,197.0,160.0,179.0,180.75,184.51
2025-02-16,SKU028,37,44.0,38.0,42.0,40.25,37.41
2025-02-16,SKU029,127,105.0,111.0,91.0,108.5,124.04
2025-02-16,SKU030,31,41.0,26.0,36.0,33.5,30.22
2025-02-16,SKU031,163,152.0,131.0,140.0,146.5,163.19
2025-02-16,SKU032,63,74.0,63.0,64.0,66.0,62.68
2025-02-16,SKU033,127,146.0,139.0,129.0,135.25,127.79
2025-02-16,SKU034,160,145.0,142.0,148.0,148.75,156.67
2025-02-16,SKU035,184,179.0,140.0,148.0,162.75,182.31
2025-02-16,SKU036,30,39.0,39.0,38.0,36.5,31.63
2025-02-16,SKU037,165,181.0,167.0,163.0,169.0,165.34
2025-02-16,SKU038,55,47.0,46.0,42.0,47.5,53.4
2025-02-16,SKU039,29,26.0,25.0,24.0,26.0,28.6
2025-02-16,SKU040,125,102.0,110.0,101.0,109.5,122.6
2025-02-16,SKU041,76,77.0,80.0,72.0,76.25,75.84
2025-02-16,SKU042,179,151.0,162.0,149.0,160.25,176.79
2025-02-16,SKU043,168,191.0,161.0,155.0,168.75,168.74
2025-02-16,SKU044,66,69.0,67.0,71.0,68.25,65.81
2025-02-16,SKU045,202,179.0,184.0,184.0,187.25,201.0
2025-02-16,SKU046,64,76.0,66.0,60.0,66.5,63.8
2025-02-16,SKU047,104,108.0,99.0,90.0,100.25,103.6
2025-02-16,SKU048,44,53.0,63.0,71.0,57.75,46.39
2025-02-16,SKU049,182,199.0,160.0,154.0,173.75,183.05
2025-02-16,SKU050,51,41.0,36.0,45.0,43.25,50.23
2025-02-23,SKU001,116,124.0,106.0,100.0,111.5,116.34
2025-02-23,SKU002,82,79.0,71.0,85.0,79.25,81.64
2025-02-23,SKU003,45,47.0,34.0,40.0,41.5,45.33
2025-02-23,SKU004,33,37.0,32.0,34.0,34.0,33.16
2025-02-23,SKU005,139,132.0,123.0,107.0,125.25,136.86
2025-02-23,SKU006,51,45.0,46.0,47.0,47.25,49.86
2025-02-23,SKU007,171,171.0,179.0,178.0,174.75,170.31
2025-02-23,SKU008,112,122.0,134.0,121.0,122.25,114.27
2025-02-23,SKU009,75,74.0,86.0,69.0,76.0,74.65
2025-02-23,SKU010,128,128.0,124.0,97.0,119.25,127.98
2025-02-23,SKU011,23,16.0,16.0,13.0,17.0,22.48
2025-02-23,SKU012,214,203.0,195.0,172.0,196.0,212.1
2025-02-23,SKU013,100,97.0,97.0,91.0,96.25,100.76
2025-02-23,SKU014,155,188.0,167.0,126.0,159.0,156.24
2025-02-23,SKU015,30,37.0,31.0,29.0,31.75,30.49
2025-02-23,SKU016,97,93.0,112.0,95.0,99.25,97.68
2025-02-23,SKU017,107,97.0,112.0,89.0,101.25,105.7
2025-02-23,SKU018,194,186.0,175.0,178.0,183.25,191.51
2025-02-23,SKU019,132,111.0,95.0,109.0,111.75,128.59
2025-02-23,SKU020,97,105.0,93.0,79.0,93.5,96.81
2025-02-23,SKU021,63,73.0,63.0,73.0,68.0,62.52
2025-02-23,SKU022,88,86.0,75.0,75.0,81.0,85.68
2025-02-23,SKU023,115,113.0,98.0,106.0,108.0,115.11
2025-02-23,SKU024,91,95.0,84.0,88.0,89.5,92.49
2025-02-23,SKU025,17,16.0,28.0,17.0,19.5,17.37
2025-02-23,SKU026,177,166.0,170.0,161.0,168.5,174.43
2025-02-23,SKU027,156,187.0,197.0,160.0,175.0,160.55
2025-02-23,SKU028,32,37.0,44.0,38.0,37.75,32.51
2025-02-23,SKU029,118,127.0,105.0,111.0,115.25,117.53
2025-02-23,SKU030,39,31.0,41.0,26.0,34.25,39.05
2025-02-23,SKU031,130,163.0,152.0,131.0,144.0,132.39
2025-02-23,SKU032,80,63.0,74.0,63.0,70.0,79.12
2025-02-23,SKU033,129,127.0,146.0,139.0,135.25,129.98
2025-02-23,SKU034,163,160.0,145.0,142.0,152.5,161.4
2025-02-23,SKU035,165,184.0,179.0,140.0,167.0,165.27
2025-02-23,SKU036,40,30.0,39.0,39.0,37.0,39.63
2025-02-23,SKU037,181,165.0,181.0,167.0,173.5,178.01
2025-02-23,SKU038,61,55.0,47.0,46.0,52.25,58.8
2025-02-23,SKU039,18,29.0,26.0,25.0,24.5,19.39
2025-02-23,SKU040,111,125.0,102.0,110.0,112.0,111.39
2025-02-23,SKU041,96,76.0,77.0,80.0,82.25,93.66
2025-02-23,SKU042,165,179.0,151.0,162.0,164.25,163.47
2025-02-23,SKU043,153,168.0,191.0,161.0,168.25,156.74
2025-02-23,SKU044,67,66.0,69.0,67.0,67.25,66.72
2025-02-23,SKU045,202,202.0,179.0,184.0,191.75,201.08
2025-02-23,SKU046,70,64.0,76.0,66.0,69.0,70.46
2025-02-23,SKU047,105,104.0,108.0,99.0,104.0,105.84
2025-02-23,SKU048,59,44.0,53.0,63.0,54.75,57.27
2025-02-23,SKU049,184,182.0,199.0,160.0,181.25,182.28
2025-02-23,SKU050,44,51.0,41.0,36.0,43.0,44.89
2025-03-02,SKU001,111,116.0,124.0,106.0,114.25,110.9
2025-03-02,SKU002,95,82.0,79.0,71.0,81.75,92.54
2025-03-02,SKU003,54,45.0,47.0,34.0,45.0,50.12
2025-03-02,SKU004,50,33.0,37.0,32.0,38.0,48.29
2025-03-02,SKU005,160,139.0,132.0,123.0,138.5,154.07
2025-03-02,SKU006,57,51.0,45.0,46.0,49.75,56.07
2025-03-02,SKU007,189,171.0,171.0,179.0,177.5,188.54
2025-03-02,SKU008,138,112.0,122.0,134.0,126.5,135.63
2025-03-02,SKU009,91,75.0,74.0,86.0,81.5,90.09
2025-03-02,SKU010,155,128.0,128.0,124.0,133.75,152.05
2025-03-02,SKU011,18,23.0,16.0,16.0,18.25,18.35
2025-03-02,SKU012,208,214.0,203.0,195.0,205.0,208.2
2025-03-02,SKU013,105,100.0,97.0,97.0,99.75,104.27
2025-03-02,SKU014,180,155.0,188.0,167.0,172.5,175.98
2025-03-02,SKU015,36,30.0,37.0,31.0,33.5,35.19
2025-03-02,SKU016,135,97.0,93.0,112.0,109.25,129.83
2025-03-02,SKU017,127,107.0,97.0,112.0,110.75,123.54
2025-03-02,SKU018,211,194.0,186.0,175.0,191.5,206.08
2025-03-02,SKU019,140,132.0,111.0,95.0,119.5,137.45
2025-03-02,SKU020,95,97.0,105.0,93.0,97.5,95.14
2025-03-02,SKU021,78,63.0,73.0,63.0,69.25,77.01
2025-03-02,SKU022,76,88.0,86.0,75.0,81.25,76.66
2025-03-02,SKU023,119,115.0,113.0,98.0,111.25,118.77
2025-03-02,SKU024,116,91.0,95.0,84.0,96.5,114.24
2025-03-02,SKU025,27,17.0,16.0,28.0,22.0,26.57
2025-03-02,SKU026,169,177.0,166.0,170.0,170.5,171.56
2025-03-02,SKU027,204,156.0,187.0,197.0,186.0,198.33
2025-03-02,SKU028,41,32.0,37.0,44.0,38.5,39.65
2025-03-02,SKU029,116,118.0,127.0,105.0,116.5,115.71
2025-03-02,SKU030,47,39.0,31.0,41.0,39.5,45.56
2025-03-02,SKU031,137,130.0,163.0,152.0,145.5,138.15
2025-03-02,SKU032,73,80.0,63.0,74.0,72.5,73.5
2025-03-02,SKU033,138,129.0,127.0,146.0,135.0,135.76
2025-03-02,SKU034,153,163.0,160.0,145.0,155.25,153.29
2025-03-02,SKU035,189,165.0,184.0,179.0,179.25,187.76
2025-03-02,SKU036,34,40.0,30.0,39.0,35.75,34.59
2025-03-02,SKU037,220,181.0,165.0,181.0,186.75,213.15
2025-03-02,SKU038,53,61.0,55.0,47.0,54.0,54.97
2025-03-02,SKU039,28,18.0,29.0,26.0,25.25,26.92
2025-03-02,SKU040,136,111.0,125.0,102.0,118.5,133.46
2025-03-02,SKU041,99,96.0,76.0,77.0,87.0,98.15
2025-03-02,SKU042,175,165.0,179.0,151.0,167.5,172.88
2025-03-02,SKU043,193,153.0,168.0,191.0,176.25,188.67
2025-03-02,SKU044,75,67.0,66.0,69.0,69.25,73.84
2025-03-02,SKU045,218,202.0,202.0,179.0,200.25,215.48
2025-03-02,SKU046,88,70.0,64.0,76.0,74.5,85.73
2025-03-02,SKU047,107,105.0,104.0,108.0,106.0,106.03
2025-03-02,SKU048,72,59.0,44.0,53.0,57.0,69.56
2025-03-02,SKU049,207,184.0,182.0,199.0,193.0,205.66
2025-03-02,SKU050,53,44.0,51.0,41.0,47.25,52.66
2025-03-09,SKU001,98,111.0,116.0,124.0,112.25,101.3
2025-03-09,SKU002,99,95.0,82.0,79.0,88.75,97.62
2025-03-09,SKU003,44,54.0,45.0,47.0,47.5,44.65
2025-03-09,SKU004,36,50.0,33.0,37.0,39.0,34.3
2025-03-09,SKU005,140,160.0,139.0,132.0,142.75,140.66
2025-03-09,SKU006,58,57.0,51.0,45.0,52.75,57.18
2025-03-09,SKU007,217,189.0,171.0,171.0,187.0,213.28
2025-03-09,SKU008,133,138.0,112.0,122.0,126.25,132.11
2025-03-09,SKU009,99,91.0,75.0,74.0,84.75,95.18
2025-03-09,SKU010,160,155.0,128.0,128.0,142.75,158.83
2025-03-09,SKU011,15,18.0,23.0,16.0,18.0,15.79
2025-03-09,SKU012,224,208.0,214.0,203.0,212.25,220.95
2025-03-09,SKU013,110,105.0,100.0,97.0,103.0,109.58
2025-03-09,SKU014,182,180.0,155.0,188.0,176.25,181.82
2025-03-09,SKU015,37,36.0,30.0,37.0,35.0,36.35
2025-03-09,SKU016,103,135.0,97.0,93.0,107.0,107.7
2025-03-09,SKU017,104,127.0,107.0,97.0,108.75,107.97
2025-03-09,SKU018,206,211.0,194.0,186.0,199.25,205.82
2025-03-09,SKU019,143,140.0,132.0,111.0,131.5,140.58
2025-03-09,SKU020,119,95.0,97.0,105.0,104.0,117.41
2025-03-09,SKU021,59,78.0,63.0,73.0,68.25,60.51
2025-03-09,SKU022,78,76.0,88.0,86.0,82.0,78.04
2025-03-09,SKU023,125,119.0,115.0,113.0,118.0,126.15
2025-03-09,SKU024,104,116.0,91.0,95.0,101.5,105.62
2025-03-09,SKU025,20,27.0,17.0,16.0,20.0,20.11
2025-03-09,SKU026,173,169.0,177.0,166.0,171.25,171.56
2025-03-09,SKU027,206,204.0,156.0,187.0,188.25,204.79
2025-03-09,SKU028,52,41.0,32.0,37.0,40.5,49.55
2025-03-09,SKU029,127,116.0,118.0,127.0,122.0,126.98
2025-03-09,SKU030,39,47.0,39.0,31.0,39.0,38.64
2025-03-09,SKU031,170,137.0,130.0,163.0,150.0,161.54
2025-03-09,SKU032,58,73.0,80.0,63.0,68.5,59.67
2025-03-09,SKU033,154,138.0,129.0,127.0,137.0,151.08
2025-03-09,SKU034,176,153.0,163.0,160.0,163.0,173.73
2025-03-09,SKU035,175,189.0,165.0,184.0,178.25,174.72
2025-03-09,SKU036,35,34.0,40.0,30.0,34.75,35.65
2025-03-09,SKU037,220,220.0,181.0,165.0,196.5,215.38
2025-03-09,SKU038,59,53.0,61.0,55.0,57.0,59.47
2025-03-09,SKU039,31,28.0,18.0,29.0,26.5,30.25
2025-03-09,SKU040,126,136.0,111.0,125.0,124.5,125.94
2025-03-09,SKU041,101,99.0,96.0,76.0,93.0,99.19
2025-03-09,SKU042,193,175.0,165.0,179.0,178.0,190.78
2025-03-09,SKU043,186,193.0,153.0,168.0,175.0,185.45
2025-03-09,SKU044,90,75.0,67.0,66.0,74.5,86.66
2025-03-09,SKU045,240,218.0,202.0,202.0,215.5,232.96
2025-03-09,SKU046,76,88.0,70.0,64.0,74.5,76.44
2025-03-09,SKU047,146,107.0,105.0,104.0,115.5,141.9
2025-03-09,SKU048,67,72.0,59.0,44.0,60.5,63.89
2025-03-09,SKU049,214,207.0,184.0,182.0,196.75,208.74
2025-03-09,SKU050,67,53.0,44.0,51.0,53.75,65.99
2025-03-16,SKU001,133,98.0,111.0,116.0,114.5,130.45
2025-03-16,SKU002,80,99.0,95.0,82.0,89.0,81.14
2025-03-16,SKU003,57,44.0,54.0,45.0,50.0,55.25
2025-03-16,SKU004,35,36.0,50.0,33.0,38.5,37.45
2025-03-16,SKU005,142,140.0,160.0,139.0,145.25,140.54
2025-03-16,SKU006,66,58.0,57.0,51.0,58.0,64.56
2025-03-16,SKU007,191,217.0,189.0,171.0,192.0,193.23
2025-03-16,SKU008,153,133.0,138.0,112.0,134.0,147.28
2025-03-16,SKU009,92,99.0,91.0,75.0,89.25,89.18
2025-03-16,SKU010,139,160.0,155.0,128.0,145.5,139.95
2025-03-16,SKU011,22,15.0,18.0,23.0,19.5,20.98
2025-03-16,SKU012,217,224.0,208.0,214.0,215.75,218.15
2025-03-16,SKU013,110,110.0,105.0,100.0,106.25,109.12
2025-03-16,SKU014,207,182.0,180.0,155.0,181.0,200.66
2025-03-16,SKU015,38,37.0,36.0,30.0,35.25,38.52
2025-03-16,SKU016,115,103.0,135.0,97.0,112.5,114.9
2025-03-16,SKU017,129,104.0,127.0,107.0,116.75,123.76
2025-03-16,SKU018,214,206.0,211.0,194.0,206.25,210.32
2025-03-16,SKU019,135,143.0,140.0,132.0,137.5,134.02
2025-03-16,SKU020,105,119.0,95.0,97.0,104.0,105.96
2025-03-16,SKU021,64,59.0,78.0,63.0,66.0,64.13
2025-03-16,SKU022,82,78.0,76.0,88.0,81.0,81.17
2025-03-16,SKU023,131,125.0,119.0,115.0,122.5,129.62
2025-03-16,SKU024,117,104.0,116.0,91.0,107.0,115.12
2025-03-16,SKU025,16,20.0,27.0,17.0,20.0,17.48
2025-03-16,SKU026,197,173.0,169.0,177.0,179.0,195.18
2025-03-16,SKU027,219,206.0,204.0,156.0,196.25,214.79
2025-03-16,SKU028,43,52.0,41.0,32.0,42.0,43.21
2025-03-16,SKU029,106,127.0,116.0,118.0,116.75,107.33
2025-03-16,SKU030,32,39.0,47.0,39.0,39.25,32.44
2025-03-16,SKU031,133,170.0,137.0,130.0,142.5,137.82
2025-03-16,SKU032,98,58.0,73.0,80.0,77.25,93.25
2025-03-16,SKU033,160,154.0,138.0,129.0,145.25,156.31
2025-03-16,SKU034,197,176.0,153.0,163.0,172.25,192.05
2025-03-16,SKU035,162,175.0,189.0,165.0,172.75,163.51
2025-03-16,SKU036,27,35.0,34.0,40.0,34.0,27.53
2025-03-16,SKU037,206,220.0,220.0,181.0,206.75,203.6
2025-03-16,SKU038,77,59.0,53.0,61.0,62.5,75.79
2025-03-16,SKU039,20,31.0,28.0,18.0,24.25,21.09
2025-03-16,SKU040,146,126.0,136.0,111.0,129.75,143.57
2025-03-16,SKU041,101,101.0,99.0,96.0,99.25,101.88
2025-03-16,SKU042,194,193.0,175.0,165.0,181.75,191.01
2025-03-16,SKU043,184,186.0,193.0,153.0,179.0,186.24
2025-03-16,SKU044,88,90.0,75.0,67.0,80.0,86.57
2025-03-16,SKU045,226,240.0,218.0,202.0,221.5,224.74
2025-03-16,SKU046,77,76.0,88.0,70.0,77.75,78.17
2025-03-16,SKU047,134,146.0,107.0,105.0,123.0,133.17
2025-03-16,SKU048,71,67.0,72.0,59.0,67.25,71.0
2025-03-16,SKU049,190,214.0,207.0,184.0,198.75,193.62
2025-03-16,SKU050,52,67.0,53.0,44.0,54.0,52.98
2025-03-23,SKU001,128,133.0,98.0,111.0,117.5,129.18
2025-03-23,SKU002,81,80.0,99.0,95.0,88.75,80.74
2025-03-23,SKU003,69,57.0,44.0,54.0,56.0,67.1
2025-03-23,SKU004,39,35.0,36.0,50.0,40.0,39.1
2025-03-23,SKU005,144,142.0,140.0,160.0,146.5,146.1
2025-03-23,SKU006,42,66.0,58.0,57.0,55.75,42.57
2025-03-23,SKU007,194,191.0,217.0,189.0,197.75,192.6
2025-03-23,SKU008,139,153.0,133.0,138.0,140.75,137.95
2025-03-23,SKU009,102,92.0,99.0,91.0,96.0,101.93
2025-03-23,SKU010,139,139.0,160.0,155.0,148.25,138.67
2025-03-23,SKU011,19,22.0,15.0,18.0,18.5,19.03
2025-03-23,SKU012,217,217.0,224.0,208.0,216.5,213.87
2025-03-23,SKU013,115,110.0,110.0,105.0,110.0,114.99
2025-03-23,SKU014,187,207.0,182.0,180.0,189.0,189.11
2025-03-23,SKU015,22,38.0,37.0,36.0,33.25,23.57
2025-03-23,SKU016,113,115.0,103.0,135.0,116.5,114.56
2025-03-23,SKU017,124,129.0,104.0,127.0,121.0,122.64
2025-03-23,SKU018,219,214.0,206.0,211.0,212.5,218.64
2025-03-23,SKU019,127,135.0,143.0,140.0,136.25,128.4
2025-03-23,SKU020,101,105.0,119.0,95.0,105.0,101.23
2025-03-23,SKU021,75,64.0,59.0,78.0,69.0,74.24
2025-03-23,SKU022,84,82.0,78.0,76.0,80.0,84.6
2025-03-23,SKU023,127,131.0,125.0,119.0,125.5,126.31
2025-03-23,SKU024,141,117.0,104.0,116.0,119.5,136.98
2025-03-23,SKU025,28,16.0,20.0,27.0,22.75,27.24
2025-03-23,SKU026,207,197.0,173.0,169.0,186.5,203.39
2025-03-23,SKU027,216,219.0,206.0,204.0,211.25,215.77
2025-03-23,SKU028,50,43.0,52.0,41.0,46.5,49.62
2025-03-23,SKU029,147,106.0,127.0,116.0,124.0,141.01
2025-03-23,SKU030,44,32.0,39.0,47.0,40.5,43.51
2025-03-23,SKU031,145,133.0,170.0,137.0,146.25,144.58
2025-03-23,SKU032,83,98.0,58.0,73.0,78.0,81.67
2025-03-23,SKU033,149,160.0,154.0,138.0,150.25,148.77
2025-03-23,SKU034,170,197.0,176.0,153.0,174.0,172.59
2025-03-23,SKU035,176,162.0,175.0,189.0,175.5,176.02
2025-03-23,SKU036,34,27.0,35.0,34.0,32.5,34.11
2025-03-23,SKU037,217,206.0,220.0,220.0,215.75,213.8
2025-03-23,SKU038,65,77.0,59.0,53.0,63.5,66.08
2025-03-23,SKU039,23,20.0,31.0,28.0,25.5,24.3
2025-03-23,SKU040,151,146.0,126.0,136.0,139.75,151.52
2025-03-23,SKU041,90,101.0,101.0,99.0,97.75,91.17
2025-03-23,SKU042,182,194.0,193.0,175.0,186.0,183.2
2025-03-23,SKU043,191,184.0,186.0,193.0,188.5,194.25
2025-03-23,SKU044,85,88.0,90.0,75.0,84.5,84.85
2025-03-23,SKU045,223,226.0,240.0,218.0,226.75,219.48
2025-03-23,SKU046,71,77.0,76.0,88.0,78.0,72.9
2025-03-23,SKU047,128,134.0,146.0,107.0,128.75,128.75
2025-03-23,SKU048,64,71.0,67.0,72.0,68.5,64.17
2025-03-23,SKU049,218,190.0,214.0,207.0,207.25,212.58
2025-03-23,SKU050,61,52.0,67.0,53.0,58.25,60.42
2025-03-30,SKU001,115,128.0,133.0,98.0,118.5,115.64
2025-03-30,SKU002,96,81.0,80.0,99.0,89.0,93.43
2025-03-30,SKU003,50,69.0,57.0,44.0,55.0,49.88
2025-03-30,SKU004,43,39.0,35.0,36.0,38.25,42.34
2025-03-30,SKU005,134,144.0,142.0,140.0,140.0,136.68
2025-03-30,SKU006,55,42.0,66.0,58.0,55.25,54.97
2025-03-30,SKU007,208,194.0,191.0,217.0,202.5,209.24
2025-03-30,SKU008,154,139.0,153.0,133.0,144.75,152.9
2025-03-30,SKU009,82,102.0,92.0,99.0,93.75,84.97
2025-03-30,SKU010,156,139.0,139.0,160.0,148.5,154.11
2025-03-30,SKU011,18,19.0,22.0,15.0,18.5,17.84
2025-03-30,SKU012,253,217.0,217.0,224.0,227.75,240.06
2025-03-30,SKU013,127,115.0,110.0,110.0,115.5,124.72
2025-03-30,SKU014,173,187.0,207.0,182.0,187.25,174.76
2025-03-30,SKU015,30,22.0,38.0,37.0,31.75,32.23
2025-03-30,SKU016,146,113.0,115.0,103.0,119.25,142.09
2025-03-30,SKU017,135,124.0,129.0,104.0,123.0,132.37
2025-03-30,SKU018,196,219.0,214.0,206.0,208.75,198.62
2025-03-30,SKU019,130,127.0,135.0,143.0,133.75,129.8
2025-03-30,SKU020,111,101.0,105.0,119.0,109.0,110.04
2025-03-30,SKU021,76,75.0,64.0,59.0,68.5,74.09
2025-03-30,SKU022,87,84.0,82.0,78.0,82.75,86.29
2025-03-30,SKU023,141,127.0,131.0,125.0,131.0,141.5
2025-03-30,SKU024,119,141.0,117.0,104.0,120.25,122.89
2025-03-30,SKU025,27,28.0,16.0,20.0,22.75,24.82
2025-03-30,SKU026,202,207.0,197.0,173.0,194.75,199.9
2025-03-30,SKU027,206,216.0,219.0,206.0,211.75,205.76
2025-03-30,SKU028,54,50.0,43.0,52.0,49.75,54.79
2025-03-30,SKU029,132,147.0,106.0,127.0,128.0,130.34
2025-03-30,SKU030,40,44.0,32.0,39.0,38.75,39.96
2025-03-30,SKU031,173,145.0,133.0,170.0,155.25,166.08
2025-03-30,SKU032,74,83.0,98.0,58.0,78.25,75.08
2025-03-30,SKU033,179,149.0,160.0,154.0,160.5,178.04
2025-03-30,SKU034,176,170.0,197.0,176.0,179.75,175.89
2025-03-30,SKU035,181,176.0,162.0,175.0,173.5,179.48
2025-03-30,SKU036,41,34.0,27.0,35.0,34.25,39.17
2025-03-30,SKU037,231,217.0,206.0,220.0,218.5,229.17
2025-03-30,SKU038,59,65.0,77.0,59.0,65.0,61.14
2025-03-30,SKU039,20,23.0,20.0,31.0,23.5,20.36
2025-03-30,SKU040,120,151.0,146.0,126.0,135.75,120.67
2025-03-30,SKU041,105,90.0,101.0,101.0,99.25,101.58
2025-03-30,SKU042,183,182.0,194.0,193.0,188.0,183.68
2025-03-30,SKU043,200,191.0,184.0,186.0,190.25,200.03
2025-03-30,SKU044,76,85.0,88.0,90.0,84.75,76.67
2025-03-30,SKU045,211,223.0,226.0,240.0,225.0,211.63
2025-03-30,SKU046,70,71.0,77.0,76.0,73.5,70.39
2025-03-30,SKU047,125,128.0,134.0,146.0,133.25,126.16
2025-03-30,SKU048,76,64.0,71.0,67.0,69.5,74.35
2025-03-30,SKU049,230,218.0,190.0,214.0,213.0,225.47
2025-03-30,SKU050,49,61.0,52.0,67.0,57.25,51.29
2025-04-06,SKU001,100,115.0,128.0,133.0,119.0,100.81
2025-04-06,SKU002,80,96.0,81.0,80.0,84.25,82.07
2025-04-06,SKU003,38,50.0,69.0,57.0,53.5,41.5
2025-04-06,SKU004,22,43.0,39.0,35.0,34.75,25.63
2025-04-06,SKU005,142,134.0,144.0,142.0,140.5,142.23
2025-04-06,SKU006,56,55.0,42.0,66.0,54.75,55.87
2025-04-06,SKU007,201,208.0,194.0,191.0,198.5,201.72
2025-04-06,SKU008,146,154.0,139.0,153.0,148.0,146.59
2025-04-06,SKU009,76,82.0,102.0,92.0,88.0,75.24
2025-04-06,SKU010,149,156.0,139.0,139.0,145.75,147.84
2025-04-06,SKU011,20,18.0,19.0,22.0,19.75,20.23
2025-04-06,SKU012,218,253.0,217.0,217.0,226.25,218.8
2025-04-06,SKU013,111,127.0,115.0,110.0,115.75,110.35
2025-04-06,SKU014,163,173.0,187.0,207.0,182.5,169.42
2025-04-06,SKU015,40,30.0,22.0,38.0,32.5,37.71
2025-04-06,SKU016,116,146.0,113.0,115.0,122.5,120.19
2025-04-06,SKU017,114,135.0,124.0,129.0,125.5,116.17
2025-04-06,SKU018,207,196.0,219.0,214.0,209.0,204.45
2025-04-06,SKU019,132,130.0,127.0,135.0,131.0,131.75
2025-04-06,SKU020,132,111.0,101.0,105.0,112.25,129.69
2025-04-06,SKU021,68,76.0,75.0,64.0,70.75,67.67
2025-04-06,SKU022,61,87.0,84.0,82.0,78.5,64.22
2025-04-06,SKU023,121,141.0,127.0,131.0,130.0,122.58
2025-04-06,SKU024,116,119.0,141.0,117.0,123.25,117.19
2025-04-06,SKU025,10,27.0,28.0,16.0,20.25,13.56
2025-04-06,SKU026,174,202.0,207.0,197.0,195.0,177.44
2025-04-06,SKU027,188,206.0,216.0,219.0,207.25,190.88
2025-04-06,SKU028,36,54.0,50.0,43.0,45.75,38.87
2025-04-06,SKU029,136,132.0,147.0,106.0,130.25,134.94
2025-04-06,SKU030,30,40.0,44.0,32.0,36.5,31.1
2025-04-06,SKU031,131,173.0,145.0,133.0,145.5,133.69
2025-04-06,SKU032,68,74.0,83.0,98.0,80.75,71.07
2025-04-06,SKU033,156,179.0,149.0,160.0,161.0,160.87
2025-04-06,SKU034,159,176.0,170.0,197.0,175.5,162.74
2025-04-06,SKU035,164,181.0,176.0,162.0,170.75,165.52
2025-04-06,SKU036,40,41.0,34.0,27.0,35.5,39.69
2025-04-06,SKU037,204,231.0,217.0,206.0,214.5,208.13
2025-04-06,SKU038,73,59.0,65.0,77.0,68.5,73.12
2025-04-06,SKU039,27,20.0,23.0,20.0,22.5,26.11
2025-04-06,SKU040,135,120.0,151.0,146.0,138.0,132.65
2025-04-06,SKU041,93,105.0,90.0,101.0,97.25,94.01
2025-04-06,SKU042,201,183.0,182.0,194.0,190.0,199.84
2025-04-06,SKU043,188,200.0,191.0,184.0,190.75,188.26
2025-04-06,SKU044,85,76.0,85.0,88.0,83.5,85.68
2025-04-06,SKU045,205,211.0,223.0,226.0,216.25,205.19
2025-04-06,SKU046,73,70.0,71.0,77.0,72.75,72.91
2025-04-06,SKU047,114,125.0,128.0,134.0,125.25,115.96
2025-04-06,SKU048,61,76.0,64.0,71.0,68.0,61.97
2025-04-06,SKU049,184,230.0,218.0,190.0,205.5,187.04
2025-04-06,SKU050,65,49.0,61.0,52.0,56.75,62.7
2025-04-13,SKU001,112,100.0,115.0,128.0,113.75,112.97
2025-04-13,SKU002,89,80.0,96.0,81.0,86.5,90.32
2025-04-13,SKU003,48,38.0,50.0,69.0,51.25,49.41
2025-04-13,SKU004,39,22.0,43.0,39.0,35.75,38.3
2025-04-13,SKU005,132,142.0,134.0,144.0,138.0,132.07
2025-04-13,SKU006,53,56.0,55.0,42.0,51.5,52.65
2025-04-13,SKU007,194,201.0,208.0,194.0,199.25,196.33
2025-04-13,SKU008,131,146.0,154.0,139.0,142.5,134.87
2025-04-13,SKU009,79,76.0,82.0,102.0,84.75,80.52
2025-04-13,SKU010,133,149.0,156.0,139.0,144.25,135.42
2025-04-13,SKU011,26,20.0,18.0,19.0,20.75,25.96
2025-04-13,SKU012,195,218.0,253.0,217.0,220.75,202.08
2025-04-13,SKU013,105,111.0,127.0,115.0,114.5,105.76
2025-04-13,SKU014,182,163.0,173.0,187.0,176.25,182.57
2025-04-13,SKU015,38,40.0,30.0,22.0,32.5,36.71
2025-04-13,SKU016,124,116.0,146.0,113.0,124.75,125.36
2025-04-13,SKU017,115,114.0,135.0,124.0,122.0,116.94
2025-04-13,SKU018,197,207.0,196.0,219.0,204.75,198.44
2025-04-13,SKU019,144,132.0,130.0,127.0,133.25,143.26
2025-04-13,SKU020,107,132.0,111.0,101.0,112.75,108.27
2025-04-13,SKU021,50,68.0,76.0,75.0,67.25,54.99
2025-04-13,SKU022,67,61.0,87.0,84.0,74.75,67.76
2025-04-13,SKU023,127,121.0,141.0,127.0,129.0,125.54
2025-04-13,SKU024,90,116.0,119.0,141.0,116.5,95.74
2025-04-13,SKU025,26,10.0,27.0,28.0,22.75,24.83
2025-04-13,SKU026,195,174.0,202.0,207.0,194.5,187.12
2025-04-13,SKU027,195,188.0,206.0,216.0,201.25,197.28
2025-04-13,SKU028,42,36.0,54.0,50.0,45.5,41.05
2025-04-13,SKU029,120,136.0,132.0,147.0,133.75,123.02
2025-04-13,SKU030,35,30.0,40.0,44.0,37.25,36.39
2025-04-13,SKU031,160,131.0,173.0,145.0,152.25,155.47
2025-04-13,SKU032,78,68.0,74.0,83.0,75.75,77.12
2025-04-13,SKU033,159,156.0,179.0,149.0,160.75,162.53
2025-04-13,SKU034,150,159.0,176.0,170.0,163.75,152.68
2025-04-13,SKU035,187,164.0,181.0,176.0,177.0,185.98
2025-04-13,SKU036,46,40.0,41.0,34.0,40.25,45.51
2025-04-13,SKU037,195,204.0,231.0,217.0,211.75,197.82
2025-04-13,SKU038,73,73.0,59.0,65.0,67.5,71.37
2025-04-13,SKU039,24,27.0,20.0,23.0,23.5,23.42
2025-04-13,SKU040,122,135.0,120.0,151.0,132.0,123.1
2025-04-13,SKU041,96,93.0,105.0,90.0,96.0,95.72
2025-04-13,SKU042,168,201.0,183.0,182.0,183.5,170.82
2025-04-13,SKU043,176,188.0,200.0,191.0,188.75,177.3
2025-04-13,SKU044,67,85.0,76.0,85.0,78.25,69.31
2025-04-13,SKU045,233,205.0,211.0,223.0,218.0,229.34
2025-04-13,SKU046,59,73.0,70.0,71.0,68.25,60.68
2025-04-13,SKU047,104,114.0,125.0,128.0,117.75,103.72
2025-04-13,SKU048,80,61.0,76.0,64.0,70.25,78.85
2025-04-13,SKU049,213,184.0,230.0,218.0,211.25,210.72
2025-04-13,SKU050,48,65.0,49.0,61.0,55.75,51.31
2025-04-20,SKU001,108,112.0,100.0,115.0,108.75,108.63
2025-04-20,SKU002,82,89.0,80.0,96.0,86.75,82.8
2025-04-20,SKU003,48,48.0,38.0,50.0,46.0,47.95
2025-04-20,SKU004,45,39.0,22.0,43.0,37.25,43.63
2025-04-20,SKU005,134,132.0,142.0,134.0,135.5,132.67
2025-04-20,SKU006,46,53.0,56.0,55.0,52.5,46.92
2025-04-20,SKU007,200,194.0,201.0,208.0,200.75,200.85
2025-04-20,SKU008,138,131.0,146.0,154.0,142.25,138.73
2025-04-20,SKU009,69,79.0,76.0,82.0,76.5,69.97
2025-04-20,SKU010,137,133.0,149.0,156.0,143.75,138.14
2025-04-20,SKU011,22,26.0,20.0,18.0,21.5,21.7
2025-04-20,SKU012,198,195.0,218.0,253.0,216.0,201.65
2025-04-20,SKU013,114,105.0,111.0,127.0,114.25,114.85
2025-04-20,SKU014,176,182.0,163.0,173.0,173.5,175.1
2025-04-20,SKU015,36,38.0,40.0,30.0,36.0,36.49
2025-04-20,SKU016,98,124.0,116.0,146.0,121.0,102.71
2025-04-20,SKU017,115,115.0,114.0,135.0,119.75,114.69
2025-04-20,SKU018,212,197.0,207.0,196.0,203.0,210.16
2025-04-20,SKU019,135,144.0,132.0,130.0,135.25,134.71
2025-04-20,SKU020,117,107.0,132.0,111.0,116.75,115.01
2025-04-20,SKU021,66,50.0,68.0,76.0,65.0,64.33
2025-04-20,SKU022,77,67.0,61.0,87.0,73.0,74.34
2025-04-20,SKU023,120,127.0,121.0,141.0,127.25,121.39
2025-04-20,SKU024,110,90.0,116.0,119.0,108.75,108.28
2025-04-20,SKU025,14,26.0,10.0,27.0,19.25,15.16
2025-04-20,SKU026,160,195.0,174.0,202.0,182.75,162.73
2025-04-20,SKU027,228,195.0,188.0,206.0,204.25,221.57
2025-04-20,SKU028,44,42.0,36.0,54.0,44.0,44.02
2025-04-20,SKU029,131,120.0,136.0,132.0,129.75,130.24
2025-04-20,SKU030,31,35.0,30.0,40.0,34.0,30.16
2025-04-20,SKU031,132,160.0,131.0,173.0,149.0,136.83
2025-04-20,SKU032,92,78.0,68.0,74.0,78.0,91.06
2025-04-20,SKU033,130,159.0,156.0,179.0,156.0,132.47
2025-04-20,SKU034,156,150.0,159.0,176.0,160.25,156.99
2025-04-20,SKU035,173,187.0,164.0,181.0,176.25,173.87
2025-04-20,SKU036,33,46.0,40.0,41.0,40.0,32.83
2025-04-20,SKU037,189,195.0,204.0,231.0,204.75,188.61
2025-04-20,SKU038,71,73.0,73.0,59.0,69.0,69.8
2025-04-20,SKU039,24,24.0,27.0,20.0,23.75,23.45
2025-04-20,SKU040,116,122.0,135.0,120.0,123.25,116.33
2025-04-20,SKU041,91,96.0,93.0,105.0,96.25,92.95
2025-04-20,SKU042,174,168.0,201.0,183.0,181.5,171.66
2025-04-20,SKU043,184,176.0,188.0,200.0,187.0,185.21
2025-04-20,SKU044,84,67.0,85.0,76.0,78.0,84.13
2025-04-20,SKU045,216,233.0,205.0,211.0,216.25,216.12
2025-04-20,SKU046,78,59.0,73.0,70.0,70.0,75.75
2025-04-20,SKU047,110,104.0,114.0,125.0,113.25,110.74
2025-04-20,SKU048,79,80.0,61.0,76.0,74.0,77.65
2025-04-20,SKU049,198,213.0,184.0,230.0,206.25,199.23
2025-04-20,SKU050,46,48.0,65.0,49.0,52.0,46.77
2025-04-27,SKU001,134,108.0,112.0,100.0,113.5,130.96
2025-04-27,SKU002,79,82.0,89.0,80.0,82.5,81.06
2025-04-27,SKU003,49,48.0,48.0,38.0,45.75,48.04
2025-04-27,SKU004,41,45.0,39.0,22.0,36.75,40.11
2025-04-27,SKU005,141,134.0,132.0,142.0,137.25,139.68
2025-04-27,SKU006,67,46.0,53.0,56.0,55.5,64.01
2025-04-27,SKU007,201,200.0,194.0,201.0,199.0,201.12
2025-04-27,SKU008,130,138.0,131.0,146.0,136.25,130.47
2025-04-27,SKU009,100,69.0,79.0,76.0,81.0,96.92
2025-04-27,SKU010,144,137.0,133.0,149.0,140.75,145.04
2025-04-27,SKU011,24,22.0,26.0,20.0,23.0,23.56
2025-04-27,SKU012,210,198.0,195.0,218.0,205.25,208.66
2025-04-27,SKU013,110,114.0,105.0,111.0,110.0,110.17
2025-04-27,SKU014,177,176.0,182.0,163.0,174.5,177.16
2025-04-27,SKU015,33,36.0,38.0,40.0,36.75,33.09
2025-04-27,SKU016,102,98.0,124.0,116.0,110.0,101.94
2025-04-27,SKU017,138,115.0,115.0,114.0,120.5,135.97
2025-04-27,SKU018,210,212.0,197.0,207.0,206.5,208.15
2025-04-27,SKU019,117,135.0,144.0,132.0,132.0,120.85
2025-04-27,SKU020,111,117.0,107.0,132.0,116.75,112.05
2025-04-27,SKU021,61,66.0,50.0,68.0,61.25,59.94
2025-04-27,SKU022,81,77.0,67.0,61.0,71.5,77.56
2025-04-27,SKU023,128,120.0,127.0,121.0,124.0,125.74
2025-04-27,SKU024,105,110.0,90.0,116.0,105.25,104.58
2025-04-27,SKU025,16,14.0,26.0,10.0,16.5,17.71
2025-04-27,SKU026,189,160.0,195.0,174.0,179.5,185.52
2025-04-27,SKU027,180,228.0,195.0,188.0,197.75,189.87
2025-04-27,SKU028,49,44.0,42.0,36.0,42.75,47.39
2025-04-27,SKU029,120,131.0,120.0,136.0,126.75,121.36
2025-04-27,SKU030,40,31.0,35.0,30.0,34.0,39.51
2025-04-27,SKU031,130,132.0,160.0,131.0,138.25,131.22
2025-04-27,SKU032,71,92.0,78.0,68.0,77.25,72.79
2025-04-27,SKU033,159,130.0,159.0,156.0,151.0,157.38
2025-04-27,SKU034,170,156.0,150.0,159.0,158.75,169.29
2025-04-27,SKU035,160,173.0,187.0,164.0,171.0,163.17
2025-04-27,SKU036,47,33.0,46.0,40.0,41.5,46.1
2025-04-27,SKU037,182,189.0,195.0,204.0,192.5,179.36
2025-04-27,SKU038,63,71.0,73.0,73.0,70.0,63.57
2025-04-27,SKU039,18,24.0,24.0,27.0,23.25,18.85
2025-04-27,SKU040,100,116.0,122.0,135.0,118.25,102.26
2025-04-27,SKU041,97,91.0,96.0,93.0,94.25,96.0
2025-04-27,SKU042,180,174.0,168.0,201.0,180.75,181.19
2025-04-27,SKU043,176,184.0,176.0,188.0,181.0,176.41
2025-04-27,SKU044,77,84.0,67.0,85.0,78.25,77.1
2025-04-27,SKU045,186,216.0,233.0,205.0,210.0,191.22
2025-04-27,SKU046,79,78.0,59.0,73.0,72.25,77.53
2025-04-27,SKU047,115,110.0,104.0,114.0,110.75,114.47
2025-04-27,SKU048,56,79.0,80.0,61.0,69.0,59.01
2025-04-27,SKU049,203,198.0,213.0,184.0,199.5,203.63
2025-04-27,SKU050,46,46.0,48.0,65.0,51.25,47.96
2025-05-04,SKU001,99,134.0,108.0,112.0,113.25,101.59
2025-05-04,SKU002,67,79.0,82.0,89.0,79.25,69.18
2025-05-04,SKU003,41,49.0,48.0,48.0,46.5,42.21
2025-05-04,SKU004,31,41.0,45.0,39.0,39.0,31.4
2025-05-04,SKU005,116,141.0,134.0,132.0,130.75,118.07
2025-05-04,SKU006,44,67.0,46.0,53.0,52.5,47.18
2025-05-04,SKU007,199,201.0,200.0,194.0,198.5,198.67
2025-05-04,SKU008,127,130.0,138.0,131.0,131.5,126.41
2025-05-04,SKU009,76,100.0,69.0,79.0,81.0,76.26
2025-05-04,SKU010,134,144.0,137.0,133.0,137.0,133.85
2025-05-04,SKU011,17,24.0,22.0,26.0,22.25,17.62
2025-05-04,SKU012,202,210.0,198.0,195.0,201.25,202.67
2025-05-04,SKU013,109,110.0,114.0,105.0,109.5,110.34
2025-05-04,SKU014,156,177.0,176.0,182.0,172.75,158.63
2025-05-04,SKU015,31,33.0,36.0,38.0,34.5,31.47
2025-05-04,SKU016,111,102.0,98.0,124.0,108.75,110.5
2025-05-04,SKU017,95,138.0,115.0,115.0,115.75,99.1
2025-05-04,SKU018,220,210.0,212.0,197.0,209.75,216.69
2025-05-04,SKU019,127,117.0,135.0,144.0,130.75,127.46
2025-05-04,SKU020,107,111.0,117.0,107.0,110.5,108.25
2025-05-04,SKU021,66,61.0,66.0,50.0,60.75,64.45
2025-05-04,SKU022,85,81.0,77.0,67.0,77.5,83.77
2025-05-04,SKU023,107,128.0,120.0,127.0,120.5,109.36
2025-05-04,SKU024,108,105.0,110.0,90.0,103.25,106.85
2025-05-04,SKU025,13,16.0,14.0,26.0,17.25,13.7
2025-05-04,SKU026,179,189.0,160.0,195.0,180.75,178.72
2025-05-04,SKU027,188,180.0,228.0,195.0,197.75,192.07
2025-05-04,SKU028,44,49.0,44.0,42.0,44.75,44.79
2025-05-04,SKU029,116,120.0,131.0,120.0,121.75,116.6
2025-05-04,SKU030,44,40.0,31.0,35.0,37.5,42.79
2025-05-04,SKU031,153,130.0,132.0,160.0,143.75,153.5
2025-05-04,SKU032,89,71.0,92.0,78.0,82.5,88.39
2025-05-04,SKU033,152,159.0,130.0,159.0,150.0,152.08
2025-05-04,SKU034,150,170.0,156.0,150.0,156.5,151.43
2025-05-04,SKU035,176,160.0,173.0,187.0,174.0,174.78
2025-05-04,SKU036,43,47.0,33.0,46.0,42.25,43.0
2025-05-04,SKU037,225,182.0,189.0,195.0,197.75,217.9
2025-05-04,SKU038,51,63.0,71.0,73.0,64.5,54.04
2025-05-04,SKU039,23,18.0,24.0,24.0,22.25,22.54
2025-05-04,SKU040,136,100.0,116.0,122.0,118.5,133.52
2025-05-04,SKU041,99,97.0,91.0,96.0,95.75,99.88
2025-05-04,SKU042,194,180.0,174.0,168.0,179.0,192.32
2025-05-04,SKU043,179,176.0,184.0,176.0,178.75,180.1
2025-05-04,SKU044,74,77.0,84.0,67.0,75.5,75.14
2025-05-04,SKU045,186,186.0,216.0,233.0,205.25,189.36
2025-05-04,SKU046,81,79.0,78.0,59.0,74.25,79.1
2025-05-04,SKU047,122,115.0,110.0,104.0,112.75,121.35
2025-05-04,SKU048,73,56.0,79.0,80.0,72.0,73.14
2025-05-04,SKU049,202,203.0,198.0,213.0,204.0,200.24
2025-05-04,SKU050,45,46.0,46.0,48.0,46.25,45.24
2025-05-11,SKU001,119,99.0,134.0,108.0,115.0,116.4
2025-05-11,SKU002,77,67.0,79.0,82.0,76.25,75.84
2025-05-11,SKU003,50,41.0,49.0,48.0,47.0,49.13
2025-05-11,SKU004,34,31.0,41.0,45.0,37.75,34.8
2025-05-11,SKU005,117,116.0,141.0,134.0,127.0,118.46
2025-05-11,SKU006,66,44.0,67.0,46.0,55.75,61.48
2025-05-11,SKU007,168,199.0,201.0,200.0,192.0,171.73
2025-05-11,SKU008,139,127.0,130.0,138.0,133.5,139.2
2025-05-11,SKU009,92,76.0,100.0,69.0,84.25,91.52
2025-05-11,SKU010,130,134.0,144.0,137.0,136.25,130.64
2025-05-11,SKU011,17,17.0,24.0,22.0,20.0,17.32
2025-05-11,SKU012,196,202.0,210.0,198.0,201.5,199.24
2025-05-11,SKU013,139,109.0,110.0,114.0,118.0,136.94
2025-05-11,SKU014,156,156.0,177.0,176.0,166.25,158.26
2025-05-11,SKU015,40,31.0,33.0,36.0,35.0,39.81
2025-05-11,SKU016,114,111.0,102.0,98.0,106.25,112.83
2025-05-11,SKU017,102,95.0,138.0,115.0,112.5,102.56
2025-05-11,SKU018,220,220.0,210.0,212.0,215.5,220.19
2025-05-11,SKU019,122,127.0,117.0,135.0,125.25,121.76
2025-05-11,SKU020,115,107.0,111.0,117.0,112.5,115.06
2025-05-11,SKU021,79,66.0,61.0,66.0,68.0,77.37
2025-05-11,SKU022,69,85.0,81.0,77.0,78.0,70.25
2025-05-11,SKU023,133,107.0,128.0,120.0,122.0,129.84
2025-05-11,SKU024,121,108.0,105.0,110.0,111.0,119.74
2025-05-11,SKU025,16,13.0,16.0,14.0,14.75,15.59
2025-05-11,SKU026,177,179.0,189.0,160.0,176.25,175.64
2025-05-11,SKU027,180,188.0,180.0,228.0,194.0,180.14
2025-05-11,SKU028,49,44.0,49.0,44.0,46.5,48.67
2025-05-11,SKU029,127,116.0,120.0,131.0,123.5,125.72
2025-05-11,SKU030,30,44.0,40.0,31.0,36.25,31.79
2025-05-11,SKU031,156,153.0,130.0,132.0,142.75,155.2
2025-05-11,SKU032,94,89.0,71.0,92.0,86.5,91.27
2025-05-11,SKU033,154,152.0,159.0,130.0,148.75,153.24
2025-05-11,SKU034,127,150.0,170.0,156.0,150.75,129.11
2025-05-11,SKU035,180,176.0,160.0,173.0,172.25,180.56
2025-05-11,SKU036,44,43.0,47.0,33.0,41.75,43.62
2025-05-11,SKU037,201,225.0,182.0,189.0,199.25,203.33
2025-05-11,SKU038,67,51.0,63.0,71.0,63.0,64.35
2025-05-11,SKU039,33,23.0,18.0,24.0,24.5,31.08
2025-05-11,SKU040,129,136.0,100.0,116.0,120.25,126.81
2025-05-11,SKU041,67,99.0,97.0,91.0,88.5,69.79
2025-05-11,SKU042,192,194.0,180.0,174.0,185.0,191.51
2025-05-11,SKU043,165,179.0,176.0,184.0,176.0,165.41
2025-05-11,SKU044,81,74.0,77.0,84.0,79.0,82.05
2025-05-11,SKU045,192,186.0,186.0,216.0,195.0,188.66
2025-05-11,SKU046,60,81.0,79.0,78.0,74.5,62.02
2025-05-11,SKU047,112,122.0,115.0,110.0,114.75,112.39
2025-05-11,SKU048,74,73.0,56.0,79.0,70.5,71.87
2025-05-11,SKU049,222,202.0,203.0,198.0,206.25,217.9
2025-05-11,SKU050,53,45.0,46.0,46.0,47.5,52.06
2025-05-18,SKU001,115,119.0,99.0,134.0,116.75,115.67
2025-05-18,SKU002,84,77.0,67.0,79.0,76.75,81.56
2025-05-18,SKU003,41,50.0,41.0,49.0,45.25,41.37
2025-05-18,SKU004,33,34.0,31.0,41.0,34.75,32.92
2025-05-18,SKU005,122,117.0,116.0,141.0,124.0,122.0
2025-05-18,SKU006,55,66.0,44.0,67.0,58.0,55.51
2025-05-18,SKU007,180,168.0,199.0,201.0,187.0,178.56
2025-05-18,SKU008,121,139.0,127.0,130.0,129.25,122.84
2025-05-18,SKU009,104,92.0,76.0,100.0,93.0,101.95
2025-05-18,SKU010,131,130.0,134.0,144.0,134.75,130.76
2025-05-18,SKU011,14,17.0,17.0,24.0,18.0,14.63
2025-05-18,SKU012,206,196.0,202.0,210.0,203.5,205.21
2025-05-18,SKU013,106,139.0,109.0,110.0,116.0,107.24
2025-05-18,SKU014,151,156.0,156.0,177.0,160.0,153.7
2025-05-18,SKU015,33,40.0,31.0,33.0,34.25,33.45
2025-05-18,SKU016,126,114.0,111.0,102.0,113.25,124.49
2025-05-18,SKU017,109,102.0,95.0,138.0,111.0,108.65
2025-05-18,SKU018,207,220.0,220.0,210.0,214.25,207.35
2025-05-18,SKU019,112,122.0,127.0,117.0,119.5,111.67
2025-05-18,SKU020,110,115.0,107.0,111.0,110.75,110.55
2025-05-18,SKU021,72,79.0,66.0,61.0,69.5,72.14
2025-05-18,SKU022,80,69.0,85.0,81.0,78.75,80.4
2025-05-18,SKU023,111,133.0,107.0,128.0,119.75,112.99
2025-05-18,SKU024,88,121.0,108.0,105.0,105.5,90.62
2025-05-18,SKU025,21,16.0,13.0,16.0,16.5,20.13
2025-05-18,SKU026,184,177.0,179.0,189.0,182.25,183.01
2025-05-18,SKU027,209,180.0,188.0,180.0,189.25,203.97
2025-05-18,SKU028,48,49.0,44.0,49.0,47.5,47.91
2025-05-18,SKU029,142,127.0,116.0,120.0,126.25,137.15
2025-05-18,SKU030,37,30.0,44.0,40.0,37.75,36.76
2025-05-18,SKU031,145,156.0,153.0,130.0,146.0,145.56
2025-05-18,SKU032,73,94.0,89.0,71.0,81.75,74.14
2025-05-18,SKU033,140,154.0,152.0,159.0,151.25,141.65
2025-05-18,SKU034,171,127.0,150.0,170.0,154.5,164.25
2025-05-18,SKU035,181,180.0,176.0,160.0,174.25,179.43
2025-05-18,SKU036,45,44.0,43.0,47.0,44.75,45.37
2025-05-18,SKU037,193,201.0,225.0,182.0,200.25,194.7
2025-05-18,SKU038,62,67.0,51.0,63.0,60.75,62.47
2025-05-18,SKU039,29,33.0,23.0,18.0,25.75,28.89
2025-05-18,SKU040,122,129.0,136.0,100.0,121.75,119.16
2025-05-18,SKU041,89,67.0,99.0,97.0,88.0,86.71
2025-05-18,SKU042,202,192.0,194.0,180.0,192.0,198.11
2025-05-18,SKU043,170,165.0,179.0,176.0,172.5,170.26
2025-05-18,SKU044,88,81.0,74.0,77.0,80.0,87.97
2025-05-18,SKU045,209,192.0,186.0,186.0,193.25,206.57
2025-05-18,SKU046,78,60.0,81.0,79.0,74.5,75.78
2025-05-18,SKU047,103,112.0,122.0,115.0,113.0,103.51
2025-05-18,SKU048,71,74.0,73.0,56.0,68.5,70.43
2025-05-18,SKU049,185,222.0,202.0,203.0,203.0,189.58
2025-05-18,SKU050,51,53.0,45.0,46.0,48.75,50.15
2025-05-25,SKU001,119,115.0,119.0,99.0,113.0,117.47
2025-05-25,SKU002,82,84.0,77.0,67.0,77.5,81.23
2025-05-25,SKU003,43,41.0,50.0,41.0,43.75,42.69
2025-05-25,SKU004,38,33.0,34.0,31.0,34.0,36.67
2025-05-25,SKU005,137,122.0,117.0,116.0,123.0,134.19
2025-05-25,SKU006,51,55.0,66.0,44.0,54.0,52.46
2025-05-25,SKU007,203,180.0,168.0,199.0,187.5,201.11
2025-05-25,SKU008,118,121.0,139.0,127.0,126.25,120.04
2025-05-25,SKU009,88,104.0,92.0,76.0,90.0,88.07
2025-05-25,SKU010,141,131.0,130.0,134.0,134.0,140.67
2025-05-25,SKU011,16,14.0,17.0,17.0,16.0,16.29
2025-05-25,SKU012,202,206.0,196.0,202.0,201.5,201.66
2025-05-25,SKU013,90,106.0,139.0,109.0,111.0,95.15
2025-05-25,SKU014,164,151.0,156.0,156.0,156.75,161.31
2025-05-25,SKU015,27,33.0,40.0,31.0,32.75,26.9
2025-05-25,SKU016,107,126.0,114.0,111.0,114.5,108.69
2025-05-25,SKU017,114,109.0,102.0,95.0,105.0,112.98
2025-05-25,SKU018,201,207.0,220.0,220.0,212.0,203.76
2025-05-25,SKU019,131,112.0,122.0,127.0,123.0,129.84
2025-05-25,SKU020,105,110.0,115.0,107.0,109.25,105.59
2025-05-25,SKU021,70,72.0,79.0,66.0,71.75,70.91
2025-05-25,SKU022,93,80.0,69.0,85.0,81.75,91.49
2025-05-25,SKU023,118,111.0,133.0,107.0,117.25,117.28
2025-05-25,SKU024,91,88.0,121.0,108.0,102.0,92.67
2025-05-25,SKU025,19,21.0,16.0,13.0,17.25,19.86
2025-05-25,SKU026,177,184.0,177.0,179.0,179.25,177.52
2025-05-25,SKU027,204,209.0,180.0,188.0,195.25,202.33
2025-05-25,SKU028,52,48.0,49.0,44.0,48.25,51.26
2025-05-25,SKU029,130,142.0,127.0,116.0,128.75,129.73
2025-05-25,SKU030,38,37.0,30.0,44.0,37.25,38.15
2025-05-25,SKU031,158,145.0,156.0,153.0,153.0,161.05
2025-05-25,SKU032,69,73.0,94.0,89.0,81.25,69.69
2025-05-25,SKU033,132,140.0,154.0,152.0,144.5,135.69
2025-05-25,SKU034,162,171.0,127.0,150.0,152.5,160.76
2025-05-25,SKU035,169,181.0,180.0,176.0,176.5,170.24
2025-05-25,SKU036,28,45.0,44.0,43.0,40.0,30.22
2025-05-25,SKU037,199,193.0,201.0,225.0,204.5,199.45
2025-05-25,SKU038,76,62.0,67.0,51.0,64.0,72.66
2025-05-25,SKU039,24,29.0,33.0,23.0,27.25,23.3
2025-05-25,SKU040,123,122.0,129.0,136.0,127.5,123.41
2025-05-25,SKU041,79,89.0,67.0,99.0,83.5,80.18
2025-05-25,SKU042,180,202.0,192.0,194.0,192.0,182.49
2025-05-25,SKU043,184,170.0,165.0,179.0,174.5,181.38
2025-05-25,SKU044,72,88.0,81.0,74.0,78.75,73.13
2025-05-25,SKU045,199,209.0,192.0,186.0,196.5,199.19
2025-05-25,SKU046,67,78.0,60.0,81.0,71.5,68.94
2025-05-25,SKU047,114,103.0,112.0,122.0,112.75,113.89
2025-05-25,SKU048,61,71.0,74.0,73.0,69.75,61.8
2025-05-25,SKU049,187,185.0,222.0,202.0,199.0,192.36
2025-05-25,SKU050,70,51.0,53.0,45.0,54.75,68.94
2025-06-01,SKU001,111,119.0,115.0,119.0,116.0,111.75
2025-06-01,SKU002,93,82.0,84.0,77.0,84.0,90.8
2025-06-01,SKU003,45,43.0,41.0,50.0,44.75,43.93
2025-06-01,SKU004,30,38.0,33.0,34.0,33.75,30.17
2025-06-01,SKU005,130,137.0,122.0,117.0,126.5,129.78
2025-06-01,SKU006,50,51.0,55.0,66.0,55.5,52.29
2025-06-01,SKU007,196,203.0,180.0,168.0,186.75,196.15
2025-06-01,SKU008,135,118.0,121.0,139.0,128.25,132.62
2025-06-01,SKU009,74,88.0,104.0,92.0,89.5,78.77
2025-06-01,SKU010,145,141.0,131.0,130.0,136.75,144.04
2025-06-01,SKU011,29,16.0,14.0,17.0,19.0,26.95
2025-06-01,SKU012,200,202.0,206.0,196.0,201.0,201.58
2025-06-01,SKU013,117,90.0,106.0,139.0,113.0,116.94
2025-06-01,SKU014,164,164.0,151.0,156.0,158.75,163.82
2025-06-01,SKU015,36,27.0,33.0,40.0,34.0,34.56
2025-06-01,SKU016,116,107.0,126.0,114.0,115.75,114.48
2025-06-01,SKU017,109,114.0,109.0,102.0,108.5,110.69
2025-06-01,SKU018,192,201.0,207.0,220.0,205.0,192.77
2025-06-01,SKU019,130,131.0,112.0,122.0,123.75,129.68
2025-06-01,SKU020,112,105.0,110.0,115.0,110.5,112.25
2025-06-01,SKU021,71,70.0,72.0,79.0,73.0,70.59
2025-06-01,SKU022,90,93.0,80.0,69.0,83.0,88.57
2025-06-01,SKU023,112,118.0,111.0,133.0,118.5,113.57
2025-06-01,SKU024,97,91.0,88.0,121.0,99.25,99.82
2025-06-01,SKU025,30,19.0,21.0,16.0,21.5,28.38
2025-06-01,SKU026,206,177.0,184.0,177.0,186.0,203.14
2025-06-01,SKU027,195,204.0,209.0,180.0,197.0,196.28
2025-06-01,SKU028,40,52.0,48.0,49.0,47.25,41.91
2025-06-01,SKU029,133,130.0,142.0,127.0,133.0,131.7
2025-06-01,SKU030,39,38.0,37.0,30.0,36.0,39.1
2025-06-01,SKU031,153,158.0,145.0,156.0,153.0,154.67
2025-06-01,SKU032,79,69.0,73.0,94.0,78.75,79.5
2025-06-01,SKU033,155,132.0,140.0,154.0,145.25,152.56
2025-06-01,SKU034,180,162.0,171.0,127.0,160.0,173.44
2025-06-01,SKU035,183,169.0,181.0,180.0,178.25,183.91
2025-06-01,SKU036,44,28.0,45.0,44.0,40.25,42.67
2025-06-01,SKU037,216,199.0,193.0,201.0,202.25,213.54
2025-06-01,SKU038,60,76.0,62.0,67.0,66.25,60.18
2025-06-01,SKU039,20,24.0,29.0,33.0,26.5,20.52
2025-06-01,SKU040,134,123.0,122.0,129.0,127.0,132.32
2025-06-01,SKU041,81,79.0,89.0,67.0,79.0,80.16
2025-06-01,SKU042,172,180.0,202.0,192.0,186.5,172.8
2025-06-01,SKU043,192,184.0,170.0,165.0,177.75,191.04
2025-06-01,SKU044,89,72.0,88.0,81.0,82.5,88.76
2025-06-01,SKU045,231,199.0,209.0,192.0,207.75,224.71
2025-06-01,SKU046,77,67.0,78.0,60.0,70.5,75.65
2025-06-01,SKU047,122,114.0,103.0,112.0,112.75,120.13
2025-06-01,SKU048,71,61.0,71.0,74.0,69.25,71.24
2025-06-01,SKU049,213,187.0,185.0,222.0,201.75,209.31
2025-06-01,SKU050,61,70.0,51.0,53.0,58.75,59.23
2025-06-08,SKU001,121,111.0,119.0,115.0,116.5,117.14
2025-06-08,SKU002,73,93.0,82.0,84.0,83.0,76.33
2025-06-08,SKU003,50,45.0,43.0,41.0,44.75,49.09
2025-06-08,SKU004,28,30.0,38.0,33.0,32.25,29.06
2025-06-08,SKU005,140,130.0,137.0,122.0,132.25,139.91
2025-06-08,SKU006,57,50.0,51.0,55.0,53.25,55.13
2025-06-08,SKU007,185,196.0,203.0,180.0,191.0,185.93
2025-06-08,SKU008,122,135.0,118.0,121.0,124.0,123.18
2025-06-08,SKU009,88,74.0,88.0,104.0,88.5,88.05
2025-06-08,SKU010,136,145.0,141.0,131.0,138.25,134.88
2025-06-08,SKU011,20,29.0,16.0,14.0,19.75,20.65
2025-06-08,SKU012,205,200.0,202.0,206.0,203.25,204.12
2025-06-08,SKU013,99,117.0,90.0,106.0,103.0,101.36
2025-06-08,SKU014,202,164.0,164.0,151.0,170.25,195.21
2025-06-08,SKU015,30,36.0,27.0,33.0,31.5,30.31
2025-06-08,SKU016,111,116.0,107.0,126.0,115.0,112.34
2025-06-08,SKU017,111,109.0,114.0,109.0,110.75,110.85
2025-06-08,SKU018,203,192.0,201.0,207.0,200.75,202.84
2025-06-08,SKU019,148,130.0,131.0,112.0,130.25,145.64
2025-06-08,SKU020,111,112.0,105.0,110.0,109.5,111.01
2025-06-08,SKU021,77,71.0,70.0,72.0,72.5,76.82
2025-06-08,SKU022,89,90.0,93.0,80.0,88.0,88.45
2025-06-08,SKU023,122,112.0,118.0,111.0,115.75,120.62
2025-06-08,SKU024,94,97.0,91.0,88.0,92.5,93.61
2025-06-08,SKU025,19,30.0,19.0,21.0,22.25,19.56
2025-06-08,SKU026,199,206.0,177.0,184.0,191.5,198.79
2025-06-08,SKU027,181,195.0,204.0,209.0,197.25,182.29
2025-06-08,SKU028,49,40.0,52.0,48.0,47.25,48.82
2025-06-08,SKU029,117,133.0,130.0,142.0,130.5,120.84
2025-06-08,SKU030,38,39.0,38.0,37.0,38.0,38.03
2025-06-08,SKU031,156,153.0,158.0,145.0,153.0,156.76
2025-06-08,SKU032,77,79.0,69.0,73.0,74.5,76.89
2025-06-08,SKU033,132,155.0,132.0,140.0,139.75,135.84
2025-06-08,SKU034,163,180.0,162.0,171.0,169.0,164.37
2025-06-08,SKU035,190,183.0,169.0,181.0,180.75,187.46
2025-06-08,SKU036,31,44.0,28.0,45.0,37.0,32.88
2025-06-08,SKU037,212,216.0,199.0,193.0,205.0,210.3
2025-06-08,SKU038,62,60.0,76.0,62.0,65.0,62.41
2025-06-08,SKU039,26,20.0,24.0,29.0,24.75,26.13
2025-06-08,SKU040,124,134.0,123.0,122.0,125.75,124.71
2025-06-08,SKU041,93,81.0,79.0,89.0,85.5,90.35
2025-06-08,SKU042,199,172.0,180.0,202.0,188.25,196.24
2025-06-08,SKU043,194,192.0,184.0,170.0,185.0,194.6
2025-06-08,SKU044,73,89.0,72.0,88.0,80.5,74.39
2025-06-08,SKU045,200,231.0,199.0,209.0,209.75,201.92
2025-06-08,SKU046,75,77.0,67.0,78.0,74.25,75.52
2025-06-08,SKU047,123,122.0,114.0,103.0,115.5,120.46
2025-06-08,SKU048,67,71.0,61.0,71.0,67.5,66.07
2025-06-08,SKU049,206,213.0,187.0,185.0,197.75,204.22
2025-06-08,SKU050,45,61.0,70.0,51.0,56.75,47.87
2025-06-15,SKU001,104,121.0,111.0,119.0,113.75,106.62
2025-06-15,SKU002,91,73.0,93.0,82.0,84.75,91.79
2025-06-15,SKU003,53,50.0,45.0,43.0,47.75,52.14
2025-06-15,SKU004,29,28.0,30.0,38.0,31.25,29.42
2025-06-15,SKU005,133,140.0,130.0,137.0,135.0,135.84
2025-06-15,SKU006,64,57.0,50.0,51.0,55.5,64.39
2025-06-15,SKU007,174,185.0,196.0,203.0,189.5,176.18
2025-06-15,SKU008,136,122.0,135.0,118.0,127.75,133.42
2025-06-15,SKU009,86,88.0,74.0,88.0,84.0,85.72
2025-06-15,SKU010,141,136.0,145.0,141.0,140.75,140.73
2025-06-15,SKU011,26,20.0,29.0,16.0,22.75,25.01
2025-06-15,SKU012,204,205.0,200.0,202.0,202.75,202.33
2025-06-15,SKU013,115,99.0,117.0,90.0,105.25,111.73
2025-06-15,SKU014,163,202.0,164.0,164.0,173.25,167.27
2025-06-15,SKU015,23,30.0,36.0,27.0,29.0,24.67
2025-06-15,SKU016,112,111.0,116.0,107.0,111.5,112.42
2025-06-15,SKU017,113,111.0,109.0,114.0,111.75,112.54
2025-06-15,SKU018,201,203.0,192.0,201.0,199.25,202.05
2025-06-15,SKU019,115,148.0,130.0,131.0,131.0,118.98
2025-06-15,SKU020,89,111.0,112.0,105.0,104.25,92.25
2025-06-15,SKU021,79,77.0,71.0,70.0,74.25,78.46
2025-06-15,SKU022,90,89.0,90.0,93.0,90.5,91.02
2025-06-15,SKU023,117,122.0,112.0,118.0,117.25,118.62
2025-06-15,SKU024,105,94.0,97.0,91.0,96.75,104.35
2025-06-15,SKU025,23,19.0,30.0,19.0,22.75,23.87
2025-06-15,SKU026,201,199.0,206.0,177.0,195.75,201.24
2025-06-15,SKU027,165,181.0,195.0,204.0,186.25,168.58
2025-06-15,SKU028,41,49.0,40.0,52.0,45.5,42.08
2025-06-15,SKU029,121,117.0,133.0,130.0,125.25,121.75
2025-06-15,SKU030,51,38.0,39.0,38.0,41.5,51.23
2025-06-15,SKU031,162,156.0,153.0,158.0,157.25,160.97
2025-06-15,SKU032,78,77.0,79.0,69.0,75.75,77.7
2025-06-15,SKU033,154,132.0,155.0,132.0,143.25,151.77
2025-06-15,SKU034,162,163.0,180.0,162.0,166.75,162.35
2025-06-15,SKU035,163,190.0,183.0,169.0,176.25,165.71
2025-06-15,SKU036,30,31.0,44.0,28.0,33.25,30.21
2025-06-15,SKU037,195,212.0,216.0,199.0,205.5,195.12
2025-06-15,SKU038,58,62.0,60.0,76.0,64.0,58.86
2025-06-15,SKU039,26,26.0,20.0,24.0,24.0,25.74
2025-06-15,SKU040,113,124.0,134.0,123.0,123.5,113.96
2025-06-15,SKU041,98,93.0,81.0,79.0,87.75,95.56
2025-06-15,SKU042,181,199.0,172.0,180.0,183.0,181.1
2025-06-15,SKU043,178,194.0,192.0,184.0,187.0,179.01
2025-06-15,SKU044,88,73.0,89.0,72.0,80.5,87.6
2025-06-15,SKU045,221,200.0,231.0,199.0,212.75,218.87
2025-06-15,SKU046,66,75.0,77.0,67.0,71.25,67.69
2025-06-15,SKU047,125,123.0,122.0,114.0,121.0,124.18
2025-06-15,SKU048,59,67.0,71.0,61.0,64.5,60.1
2025-06-15,SKU049,206,206.0,213.0,187.0,203.0,203.42
2025-06-15,SKU050,49,45.0,61.0,70.0,56.25,49.41
2025-06-22,SKU001,110,104.0,121.0,111.0,111.5,110.05
2025-06-22,SKU002,84,91.0,73.0,93.0,85.25,83.76
2025-06-22,SKU003,48,53.0,50.0,45.0,49.0,48.34
2025-06-22,SKU004,48,29.0,28.0,30.0,33.75,45.11
2025-06-22,SKU005,116,133.0,140.0,130.0,129.75,118.15
2025-06-22,SKU006,42,64.0,57.0,50.0,53.25,44.09
2025-06-22,SKU007,187,174.0,185.0,196.0,185.5,188.52
2025-06-22,SKU008,101,136.0,122.0,135.0,123.5,106.31
2025-06-22,SKU009,81,86.0,88.0,74.0,82.25,80.5
2025-06-22,SKU010,139,141.0,136.0,145.0,140.25,141.51
2025-06-22,SKU011,18,26.0,20.0,29.0,23.25,18.83
2025-06-22,SKU012,190,204.0,205.0,200.0,199.75,193.89
2025-06-22,SKU013,118,115.0,99.0,117.0,112.25,115.94
2025-06-22,SKU014,159,163.0,202.0,164.0,172.0,161.69
2025-06-22,SKU015,32,23.0,30.0,36.0,30.25,31.73
2025-06-22,SKU016,112,112.0,111.0,116.0,112.75,112.71
2025-06-22,SKU017,114,113.0,111.0,109.0,111.75,115.49
2025-06-22,SKU018,212,201.0,203.0,192.0,202.0,209.24
2025-06-22,SKU019,136,115.0,148.0,130.0,132.25,133.46
2025-06-22,SKU020,116,89.0,111.0,112.0,107.0,112.54
2025-06-22,SKU021,67,79.0,77.0,71.0,73.5,67.73
2025-06-22,SKU022,86,90.0,89.0,90.0,88.75,85.5
2025-06-22,SKU023,133,117.0,122.0,112.0,121.0,131.38
2025-06-22,SKU024,101,105.0,94.0,97.0,99.25,101.62
2025-06-22,SKU025,16,23.0,19.0,30.0,22.0,17.88
2025-06-22,SKU026,171,201.0,199.0,206.0,194.25,169.96
2025-06-22,SKU027,193,165.0,181.0,195.0,183.5,190.92
2025-06-22,SKU028,41,41.0,49.0,40.0,42.75,41.61
2025-06-22,SKU029,122,121.0,117.0,133.0,123.25,121.52
2025-06-22,SKU030,31,51.0,38.0,39.0,39.75,32.0
2025-06-22,SKU031,144,162.0,156.0,153.0,153.75,147.4
2025-06-22,SKU032,74,78.0,77.0,79.0,77.0,74.54
2025-06-22,SKU033,165,154.0,132.0,155.0,151.5,161.71
2025-06-22,SKU034,163,162.0,163.0,180.0,167.0,163.26
2025-06-22,SKU035,152,163.0,190.0,183.0,172.0,153.54
2025-06-22,SKU036,42,30.0,31.0,44.0,36.75,40.8
2025-06-22,SKU037,200,195.0,212.0,216.0,205.75,199.42
2025-06-22,SKU038,60,58.0,62.0,60.0,60.0,60.55
2025-06-22,SKU039,32,26.0,26.0,20.0,26.0,29.95
2025-06-22,SKU040,125,113.0,124.0,134.0,124.0,124.37
2025-06-22,SKU041,78,98.0,93.0,81.0,87.5,79.47
2025-06-22,SKU042,179,181.0,199.0,172.0,182.75,178.73
2025-06-22,SKU043,180,178.0,194.0,192.0,186.0,179.4
2025-06-22,SKU044,71,88.0,73.0,89.0,80.25,72.85
2025-06-22,SKU045,177,221.0,200.0,231.0,207.25,183.66
2025-06-22,SKU046,58,66.0,75.0,77.0,69.0,60.31
2025-06-22,SKU047,133,125.0,123.0,122.0,125.75,131.58
2025-06-22,SKU048,77,59.0,67.0,71.0,68.5,75.66
2025-06-22,SKU049,197,206.0,206.0,213.0,205.5,198.01
2025-06-22,SKU050,63,49.0,45.0,61.0,54.5,61.13
2025-06-29,SKU001,134,110.0,104.0,121.0,117.25,132.07
2025-06-29,SKU002,70,84.0,91.0,73.0,79.5,71.67
2025-06-29,SKU003,44,48.0,53.0,50.0,48.75,44.29
2025-06-29,SKU004,31,48.0,29.0,28.0,34.0,32.12
2025-06-29,SKU005,134,116.0,133.0,140.0,130.75,132.07
2025-06-29,SKU006,54,42.0,64.0,57.0,54.25,54.53
2025-06-29,SKU007,212,187.0,174.0,185.0,189.5,209.3
2025-06-29,SKU008,118,101.0,136.0,122.0,119.25,118.72
2025-06-29,SKU009,92,81.0,86.0,88.0,86.75,89.57
2025-06-29,SKU010,123,139.0,141.0,136.0,134.75,125.52
2025-06-29,SKU011,22,18.0,26.0,20.0,21.5,21.95
2025-06-29,SKU012,173,190.0,204.0,205.0,193.0,173.65
2025-06-29,SKU013,128,118.0,115.0,99.0,115.0,126.79
2025-06-29,SKU014,191,159.0,163.0,202.0,178.75,188.84
2025-06-29,SKU015,25,32.0,23.0,30.0,27.5,26.88
2025-06-29,SKU016,116,112.0,112.0,111.0,112.75,115.61
2025-06-29,SKU017,133,114.0,113.0,111.0,117.75,132.84
2025-06-29,SKU018,194,212.0,201.0,203.0,202.5,195.94
2025-06-29,SKU019,129,136.0,115.0,148.0,132.0,128.04
2025-06-29,SKU020,104,116.0,89.0,111.0,105.0,104.46
2025-06-29,SKU021,69,67.0,79.0,77.0,73.0,70.02
2025-06-29,SKU022,83,86.0,90.0,89.0,87.0,82.98
2025-06-29,SKU023,130,133.0,117.0,122.0,125.5,129.4
2025-06-29,SKU024,107,101.0,105.0,94.0,101.75,106.51
2025-06-29,SKU025,25,16.0,23.0,19.0,20.75,23.92
2025-06-29,SKU026,161,171.0,201.0,199.0,183.0,165.15
2025-06-29,SKU027,183,193.0,165.0,181.0,180.5,181.81
2025-06-29,SKU028,43,41.0,41.0,49.0,43.5,43.11
2025-06-29,SKU029,114,122.0,121.0,117.0,118.5,112.94
2025-06-29,SKU030,47,31.0,51.0,38.0,41.75,45.79
2025-06-29,SKU031,136,144.0,162.0,156.0,149.5,136.43
2025-06-29,SKU032,55,74.0,78.0,77.0,71.0,57.09
2025-06-29,SKU033,145,165.0,154.0,132.0,149.0,145.35
2025-06-29,SKU034,172,163.0,162.0,163.0,165.0,171.76
2025-06-29,SKU035,177,152.0,163.0,190.0,170.5,172.98
2025-06-29,SKU036,40,42.0,30.0,31.0,35.75,39.11
2025-06-29,SKU037,202,200.0,195.0,212.0,202.25,203.6
2025-06-29,SKU038,75,60.0,58.0,62.0,63.75,73.2
2025-06-29,SKU039,31,32.0,26.0,26.0,28.75,30.35
2025-06-29,SKU040,119,125.0,113.0,124.0,120.25,120.29
2025-06-29,SKU041,72,78.0,98.0,93.0,85.25,73.78
2025-06-29,SKU042,197,179.0,181.0,199.0,189.0,197.78
2025-06-29,SKU043,179,180.0,178.0,194.0,182.75,177.97
2025-06-29,SKU044,62,71.0,88.0,73.0,73.5,64.11
2025-06-29,SKU045,207,177.0,221.0,200.0,201.25,205.62
2025-06-29,SKU046,79,58.0,66.0,75.0,69.5,76.81
2025-06-29,SKU047,110,133.0,125.0,123.0,122.75,113.12
2025-06-29,SKU048,73,77.0,59.0,67.0,69.0,71.76
2025-06-29,SKU049,220,197.0,206.0,206.0,207.25,217.08
2025-06-29,SKU050,55,63.0,49.0,45.0,53.0,53.46
2025-07-06,SKU001,101,134.0,110.0,104.0,112.25,104.0
2025-07-06,SKU002,53,70.0,84.0,91.0,74.5,57.23
2025-07-06,SKU003,42,44.0,48.0,53.0,46.75,41.66
2025-07-06,SKU004,27,31.0,48.0,29.0,33.75,29.19
2025-07-06,SKU005,99,134.0,116.0,133.0,120.5,104.26
2025-07-06,SKU006,41,54.0,42.0,64.0,50.25,46.03
2025-07-06,SKU007,181,212.0,187.0,174.0,188.5,184.96
2025-07-06,SKU008,128,118.0,101.0,136.0,120.75,124.19
2025-07-06,SKU009,83,92.0,81.0,86.0,85.5,83.69
2025-07-06,SKU010,111,123.0,139.0,141.0,128.5,112.65
2025-07-06,SKU011,25,22.0,18.0,26.0,22.75,24.39
2025-07-06,SKU012,171,173.0,190.0,204.0,184.5,173.95
2025-07-06,SKU013,101,128.0,118.0,115.0,115.5,102.54
2025-07-06,SKU014,134,191.0,159.0,163.0,161.75,140.59
2025-07-06,SKU015,22,25.0,32.0,23.0,25.5,22.5
2025-07-06,SKU016,101,116.0,112.0,112.0,110.25,102.72
2025-07-06,SKU017,105,133.0,114.0,113.0,116.25,104.94
2025-07-06,SKU018,164,194.0,212.0,201.0,192.75,168.43
2025-07-06,SKU019,94,129.0,136.0,115.0,118.5,98.4
2025-07-06,SKU020,104,104.0,116.0,89.0,103.25,104.06
2025-07-06,SKU021,57,69.0,67.0,79.0,68.0,59.38
2025-07-06,SKU022,70,83.0,86.0,90.0,82.25,71.48
2025-07-06,SKU023,105,130.0,133.0,117.0,121.25,106.93
2025-07-06,SKU024,94,107.0,101.0,105.0,101.75,93.9
2025-07-06,SKU025,18,25.0,16.0,23.0,20.5,18.56
2025-07-06,SKU026,150,161.0,171.0,201.0,170.75,153.71
2025-07-06,SKU027,165,183.0,193.0,165.0,176.5,168.35
2025-07-06,SKU028,32,43.0,41.0,41.0,39.25,32.72
2025-07-06,SKU029,102,114.0,122.0,121.0,114.75,102.24
2025-07-06,SKU030,27,47.0,31.0,51.0,39.0,30.07
2025-07-06,SKU031,124,136.0,144.0,162.0,141.5,127.53
2025-07-06,SKU032,70,55.0,74.0,78.0,69.25,69.47
2025-07-06,SKU033,137,145.0,165.0,154.0,150.25,136.06
2025-07-06,SKU034,134,172.0,163.0,162.0,157.75,139.11
2025-07-06,SKU035,148,177.0,152.0,163.0,160.0,148.4
2025-07-06,SKU036,33,40.0,42.0,30.0,36.25,33.99
2025-07-06,SKU037,188,202.0,200.0,195.0,196.25,192.17
2025-07-06,SKU038,57,75.0,60.0,58.0,62.5,57.74
2025-07-06,SKU039,19,31.0,32.0,26.0,27.0,20.75
2025-07-06,SKU040,117,119.0,125.0,113.0,118.5,116.57
2025-07-06,SKU041,79,72.0,78.0,98.0,81.75,80.01
2025-07-06,SKU042,163,197.0,179.0,181.0,180.0,167.5
2025-07-06,SKU043,155,179.0,180.0,178.0,173.0,157.2
2025-07-06,SKU044,61,62.0,71.0,88.0,70.5,65.43
2025-07-06,SKU045,160,207.0,177.0,221.0,191.25,171.77
2025-07-06,SKU046,55,79.0,58.0,66.0,64.5,56.83
2025-07-06,SKU047,110,110.0,133.0,125.0,119.5,111.56
2025-07-06,SKU048,50,73.0,77.0,59.0,64.75,53.39
2025-07-06,SKU049,156,220.0,197.0,206.0,194.75,164.26
2025-07-06,SKU050,44,55.0,63.0,49.0,52.75,43.66
2025-07-13,SKU001,111,101.0,134.0,110.0,114.0,110.23
2025-07-13,SKU002,78,53.0,70.0,84.0,71.25,75.9
2025-07-13,SKU003,44,42.0,44.0,48.0,44.5,44.23
2025-07-13,SKU004,32,27.0,31.0,48.0,34.5,33.52
2025-07-13,SKU005,104,99.0,134.0,116.0,113.25,104.9
2025-07-13,SKU006,31,41.0,54.0,42.0,42.0,33.33
2025-07-13,SKU007,187,181.0,212.0,187.0,191.75,186.63
2025-07-13,SKU008,109,128.0,118.0,101.0,114.0,110.32
2025-07-13,SKU009,69,83.0,92.0,81.0,81.25,70.41
2025-07-13,SKU010,120,111.0,123.0,139.0,123.25,120.37
2025-07-13,SKU011,14,25.0,22.0,18.0,19.75,15.99
2025-07-13,SKU012,189,171.0,173.0,190.0,180.75,188.04
2025-07-13,SKU013,109,101.0,128.0,118.0,114.0,108.2
2025-07-13,SKU014,126,134.0,191.0,159.0,152.5,132.14
2025-07-13,SKU015,23,22.0,25.0,32.0,25.5,22.91
2025-07-13,SKU016,103,101.0,116.0,112.0,108.0,103.96
2025-07-13,SKU017,97,105.0,133.0,114.0,112.25,99.17
2025-07-13,SKU018,156,164.0,194.0,212.0,181.5,159.33
2025-07-13,SKU019,100,94.0,129.0,136.0,114.75,102.5
2025-07-13,SKU020,89,104.0,104.0,116.0,103.25,90.54
2025-07-13,SKU021,68,57.0,69.0,67.0,65.25,67.03
2025-07-13,SKU022,58,70.0,83.0,86.0,74.25,60.55
2025-07-13,SKU023,100,105.0,130.0,133.0,117.0,104.39
2025-07-13,SKU024,79,94.0,107.0,101.0,95.25,81.63
2025-07-13,SKU025,15,18.0,25.0,16.0,18.5,16.14
2025-07-13,SKU026,153,150.0,161.0,171.0,158.75,154.41
2025-07-13,SKU027,185,165.0,183.0,193.0,181.5,184.75
2025-07-13,SKU028,46,32.0,43.0,41.0,40.5,45.14
2025-07-13,SKU029,107,102.0,114.0,122.0,111.25,107.26
2025-07-13,SKU030,29,27.0,47.0,31.0,33.5,30.7
2025-07-13,SKU031,111,124.0,136.0,144.0,128.75,113.35
2025-07-13,SKU032,63,70.0,55.0,74.0,65.5,63.22
2025-07-13,SKU033,118,137.0,145.0,165.0,141.25,122.77
2025-07-13,SKU034,118,134.0,172.0,163.0,146.75,122.34
2025-07-13,SKU035,123,148.0,177.0,152.0,150.0,124.99
2025-07-13,SKU036,33,33.0,40.0,42.0,37.0,32.96
2025-07-13,SKU037,210,188.0,202.0,200.0,200.0,209.18
2025-07-13,SKU038,57,57.0,75.0,60.0,62.25,59.1
2025-07-13,SKU039,24,19.0,31.0,32.0,26.5,24.37
2025-07-13,SKU040,106,117.0,119.0,125.0,116.75,105.72
2025-07-13,SKU041,73,79.0,72.0,78.0,75.5,73.27
2025-07-13,SKU042,158,163.0,197.0,179.0,174.25,162.28
2025-07-13,SKU043,161,155.0,179.0,180.0,168.75,161.14
2025-07-13,SKU044,79,61.0,62.0,71.0,68.25,76.87
2025-07-13,SKU045,156,160.0,207.0,177.0,175.0,161.69
2025-07-13,SKU046,78,55.0,79.0,58.0,67.5,75.08
2025-07-13,SKU047,106,110.0,110.0,133.0,114.75,109.11
2025-07-13,SKU048,48,50.0,73.0,77.0,62.0,49.75
2025-07-13,SKU049,179,156.0,220.0,197.0,188.0,181.87
2025-07-13,SKU050,49,44.0,55.0,63.0,52.75,50.26
2025-07-20,SKU001,118,111.0,101.0,134.0,116.0,117.11
2025-07-20,SKU002,69,78.0,53.0,70.0,67.5,68.26
2025-07-20,SKU003,37,44.0,42.0,44.0,41.75,37.95
2025-07-20,SKU004,34,32.0,27.0,31.0,31.0,34.13
2025-07-20,SKU005,106,104.0,99.0,134.0,110.75,107.36
2025-07-20,SKU006,45,31.0,41.0,54.0,42.75,44.07
2025-07-20,SKU007,161,187.0,181.0,212.0,185.25,167.04
2025-07-20,SKU008,110,109.0,128.0,118.0,116.25,109.87
2025-07-20,SKU009,73,69.0,83.0,92.0,79.25,72.89
2025-07-20,SKU010,124,120.0,111.0,123.0,119.5,124.21
2025-07-20,SKU011,21,14.0,25.0,22.0,20.5,20.5
2025-07-20,SKU012,179,189.0,171.0,173.0,178.0,180.4
2025-07-20,SKU013,87,109.0,101.0,128.0,106.25,90.49
2025-07-20,SKU014,139,126.0,134.0,191.0,147.5,140.06
2025-07-20,SKU015,29,23.0,22.0,25.0,24.75,28.43
2025-07-20,SKU016,104,103.0,101.0,116.0,106.0,104.62
2025-07-20,SKU017,98,97.0,105.0,133.0,108.25,101.04
2025-07-20,SKU018,167,156.0,164.0,194.0,170.25,166.28
2025-07-20,SKU019,111,100.0,94.0,129.0,108.5,110.63
2025-07-20,SKU020,97,89.0,104.0,104.0,98.5,97.09
2025-07-20,SKU021,58,68.0,57.0,69.0,63.0,59.91
2025-07-20,SKU022,82,58.0,70.0,83.0,73.25,79.75
2025-07-20,SKU023,91,100.0,105.0,130.0,106.5,92.44
2025-07-20,SKU024,70,79.0,94.0,107.0,87.5,74.63
2025-07-20,SKU025,24,15.0,18.0,25.0,20.5,23.28
2025-07-20,SKU026,155,153.0,150.0,161.0,154.75,155.0
2025-07-20,SKU027,163,185.0,165.0,183.0,174.0,164.02
2025-07-20,SKU028,42,46.0,32.0,43.0,40.75,40.6
2025-07-20,SKU029,112,107.0,102.0,114.0,108.75,111.43
2025-07-20,SKU030,36,29.0,27.0,47.0,34.75,36.19
2025-07-20,SKU031,131,111.0,124.0,136.0,125.5,128.83
2025-07-20,SKU032,54,63.0,70.0,55.0,60.5,56.21
2025-07-20,SKU033,121,118.0,137.0,145.0,130.25,121.46
2025-07-20,SKU034,147,118.0,134.0,172.0,142.75,142.89
2025-07-20,SKU035,132,123.0,148.0,177.0,145.0,133.58
2025-07-20,SKU036,37,33.0,33.0,40.0,35.75,36.3
2025-07-20,SKU037,182,210.0,188.0,202.0,195.5,187.5
2025-07-20,SKU038,59,57.0,57.0,75.0,62.0,59.24
2025-07-20,SKU039,18,24.0,19.0,31.0,23.0,18.51
2025-07-20,SKU040,99,106.0,117.0,119.0,110.25,99.82
2025-07-20,SKU041,93,73.0,79.0,72.0,79.25,91.48
2025-07-20,SKU042,161,158.0,163.0,197.0,169.75,161.23
2025-07-20,SKU043,161,161.0,155.0,179.0,164.0,160.35
2025-07-20,SKU044,72,79.0,61.0,62.0,68.5,72.43
2025-07-20,SKU045,187,156.0,160.0,207.0,177.5,182.89
2025-07-20,SKU046,74,78.0,55.0,79.0,71.5,72.44
2025-07-20,SKU047,105,106.0,110.0,110.0,107.75,105.56
2025-07-20,SKU048,52,48.0,50.0,73.0,55.75,53.23
2025-07-20,SKU049,171,179.0,156.0,220.0,181.5,171.63
2025-07-20,SKU050,53,49.0,44.0,55.0,50.25,53.0
2025-07-27,SKU001,111,118.0,111.0,101.0,110.25,110.37
2025-07-27,SKU002,76,69.0,78.0,53.0,69.0,74.39
2025-07-27,SKU003,41,37.0,44.0,42.0,41.0,41.21
2025-07-27,SKU004,29,34.0,32.0,27.0,30.5,30.46
2025-07-27,SKU005,124,106.0,104.0,99.0,108.25,122.62
2025-07-27,SKU006,43,45.0,31.0,41.0,40.0,42.36
2025-07-27,SKU007,167,161.0,187.0,181.0,174.0,166.45
2025-07-27,SKU008,105,110.0,109.0,128.0,113.0,106.72
2025-07-27,SKU009,67,73.0,69.0,83.0,73.0,68.86
2025-07-27,SKU010,105,124.0,120.0,111.0,115.0,105.08
2025-07-27,SKU011,11,21.0,14.0,25.0,17.75,13.04
2025-07-27,SKU012,155,179.0,189.0,171.0,173.5,158.95
2025-07-27,SKU013,87,87.0,109.0,101.0,96.0,86.81
2025-07-27,SKU014,148,139.0,126.0,134.0,136.75,147.44
2025-07-27,SKU015,27,29.0,23.0,22.0,25.25,26.6
2025-07-27,SKU016,97,104.0,103.0,101.0,101.25,96.82
2025-07-27,SKU017,83,98.0,97.0,105.0,95.75,84.88
2025-07-27,SKU018,159,167.0,156.0,164.0,161.5,158.68
2025-07-27,SKU019,90,111.0,100.0,94.0,98.75,93.03
2025-07-27,SKU020,96,97.0,89.0,104.0,96.5,96.66
2025-07-27,SKU021,62,58.0,68.0,57.0,61.25,60.42
2025-07-27,SKU022,64,82.0,58.0,70.0,68.5,65.87
2025-07-27,SKU023,107,91.0,100.0,105.0,100.75,104.78
2025-07-27,SKU024,73,70.0,79.0,94.0,79.0,73.77
2025-07-27,SKU025,23,24.0,15.0,18.0,20.0,22.43
2025-07-27,SKU026,173,155.0,153.0,150.0,157.75,170.64
2025-07-27,SKU027,155,163.0,185.0,165.0,167.0,156.63
2025-07-27,SKU028,36,42.0,46.0,32.0,39.0,36.59
2025-07-27,SKU029,120,112.0,107.0,102.0,110.25,118.28
2025-07-27,SKU030,29,36.0,29.0,27.0,30.25,28.8
2025-07-27,SKU031,127,131.0,111.0,124.0,123.25,126.99
2025-07-27,SKU032,52,54.0,63.0,70.0,59.75,51.59
2025-07-27,SKU033,119,121.0,118.0,137.0,123.75,119.49
2025-07-27,SKU034,152,147.0,118.0,134.0,137.75,148.72
2025-07-27,SKU035,154,132.0,123.0,148.0,139.25,151.78
2025-07-27,SKU036,26,37.0,33.0,33.0,32.25,27.33
2025-07-27,SKU037,149,182.0,210.0,188.0,182.25,156.03
2025-07-27,SKU038,50,59.0,57.0,57.0,55.75,50.97
2025-07-27,SKU039,34,18.0,24.0,19.0,23.75,30.85
2025-07-27,SKU040,97,99.0,106.0,117.0,104.75,100.04
2025-07-27,SKU041,69,93.0,73.0,79.0,78.5,71.69
2025-07-27,SKU042,157,161.0,158.0,163.0,159.75,157.23
2025-07-27,SKU043,132,161.0,161.0,155.0,152.25,135.73
2025-07-27,SKU044,69,72.0,79.0,61.0,70.25,67.81
2025-07-27,SKU045,170,187.0,156.0,160.0,168.25,168.71
2025-07-27,SKU046,78,74.0,78.0,55.0,71.25,75.73
2025-07-27,SKU047,107,105.0,106.0,110.0,107.0,107.08
2025-07-27,SKU048,67,52.0,48.0,50.0,54.25,65.94
2025-07-27,SKU049,168,171.0,179.0,156.0,168.5,167.43
2025-07-27,SKU050,43,53.0,49.0,44.0,47.25,45.45
2025-08-03,SKU001,101,111.0,118.0,111.0,110.25,102.53
2025-08-03,SKU002,75,76.0,69.0,78.0,74.5,75.17
2025-08-03,SKU003,26,41.0,37.0,44.0,37.0,30.27
2025-08-03,SKU004,33,29.0,34.0,32.0,32.0,32.75
2025-08-03,SKU005,115,124.0,106.0,104.0,112.25,115.51
2025-08-03,SKU006,49,43.0,45.0,31.0,42.0,47.24
2025-08-03,SKU007,181,167.0,161.0,187.0,174.0,180.04
2025-08-03,SKU008,112,105.0,110.0,109.0,109.0,111.47
2025-08-03,SKU009,69,67.0,73.0,69.0,69.5,69.81
2025-08-03,SKU010,91,105.0,124.0,120.0,110.0,93.94
2025-08-03,SKU011,18,11.0,21.0,14.0,16.0,17.4
2025-08-03,SKU012,160,155.0,179.0,189.0,170.75,161.2
2025-08-03,SKU013,85,87.0,87.0,109.0,92.0,86.63
2025-08-03,SKU014,141,148.0,139.0,126.0,138.5,141.19
2025-08-03,SKU015,25,27.0,29.0,23.0,26.0,24.73
2025-08-03,SKU016,85,97.0,104.0,103.0,97.25,88.34
2025-08-03,SKU017,82,83.0,98.0,97.0,90.0,83.68
2025-08-03,SKU018,179,159.0,167.0,156.0,165.25,176.05
2025-08-03,SKU019,116,90.0,111.0,100.0,104.25,114.02
2025-08-03,SKU020,69,96.0,97.0,89.0,87.75,71.43
2025-08-03,SKU021,54,62.0,58.0,68.0,60.5,54.62
2025-08-03,SKU022,70,64.0,82.0,58.0,68.5,69.18
2025-08-03,SKU023,102,107.0,91.0,100.0,100.0,100.64
2025-08-03,SKU024,104,73.0,70.0,79.0,81.5,99.72
2025-08-03,SKU025,20,23.0,24.0,15.0,20.5,20.05
2025-08-03,SKU026,156,173.0,155.0,153.0,159.25,155.33
2025-08-03,SKU027,156,155.0,163.0,185.0,164.75,157.74
2025-08-03,SKU028,35,36.0,42.0,46.0,39.75,35.39
2025-08-03,SKU029,97,120.0,112.0,107.0,109.0,99.14
2025-08-03,SKU030,33,29.0,36.0,29.0,31.75,33.26
2025-08-03,SKU031,121,127.0,131.0,111.0,122.5,120.94
2025-08-03,SKU032,80,52.0,54.0,63.0,62.25,77.07
2025-08-03,SKU033,112,119.0,121.0,118.0,117.5,111.99
2025-08-03,SKU034,124,152.0,147.0,118.0,135.25,124.79
2025-08-03,SKU035,137,154.0,132.0,123.0,136.5,137.08
2025-08-03,SKU036,33,26.0,37.0,33.0,32.25,33.33
2025-08-03,SKU037,143,149.0,182.0,210.0,171.0,145.78
2025-08-03,SKU038,45,50.0,59.0,57.0,52.75,44.57
2025-08-03,SKU039,23,34.0,18.0,24.0,24.75,24.1
2025-08-03,SKU040,108,97.0,99.0,106.0,102.5,106.14
2025-08-03,SKU041,63,69.0,93.0,73.0,74.5,65.8
2025-08-03,SKU042,167,157.0,161.0,158.0,160.75,169.41
2025-08-03,SKU043,149,132.0,161.0,161.0,150.75,147.57
2025-08-03,SKU044,65,69.0,72.0,79.0,71.25,67.56
2025-08-03,SKU045,149,170.0,187.0,156.0,165.5,155.53
2025-08-03,SKU046,51,78.0,74.0,78.0,70.25,54.94
2025-08-03,SKU047,120,107.0,105.0,106.0,109.5,118.86
2025-08-03,SKU048,43,67.0,52.0,48.0,52.5,44.67
2025-08-03,SKU049,158,168.0,171.0,179.0,169.0,160.0
2025-08-03,SKU050,36,43.0,53.0,49.0,45.25,37.51
2025-08-10,SKU001,77,101.0,111.0,118.0,101.75,81.27
2025-08-10,SKU002,60,75.0,76.0,69.0,70.0,60.71
2025-08-10,SKU003,38,26.0,41.0,37.0,35.5,37.63
2025-08-10,SKU004,26,33.0,29.0,34.0,30.5,26.78
2025-08-10,SKU005,96,115.0,124.0,106.0,110.25,98.56
2025-08-10,SKU006,46,49.0,43.0,45.0,45.75,46.82
2025-08-10,SKU007,145,181.0,167.0,161.0,163.5,151.36
2025-08-10,SKU008,101,112.0,105.0,110.0,107.0,101.92
2025-08-10,SKU009,66,69.0,67.0,73.0,68.75,66.53
2025-08-10,SKU010,95,91.0,105.0,124.0,103.75,95.25
2025-08-10,SKU011,22,18.0,11.0,21.0,18.0,20.63
2025-08-10,SKU012,163,160.0,155.0,179.0,164.25,161.95
2025-08-10,SKU013,82,85.0,87.0,87.0,85.25,82.52
2025-08-10,SKU014,121,141.0,148.0,139.0,137.25,124.96
2025-08-10,SKU015,23,25.0,27.0,29.0,26.0,23.86
2025-08-10,SKU016,93,85.0,97.0,104.0,94.75,92.82
2025-08-10,SKU017,76,82.0,83.0,98.0,84.75,77.8
2025-08-10,SKU018,139,179.0,159.0,167.0,161.0,141.96
2025-08-10,SKU019,104,116.0,90.0,111.0,105.25,104.08
2025-08-10,SKU020,94,69.0,96.0,97.0,89.0,93.14
2025-08-10,SKU021,60,54.0,62.0,58.0,58.5,60.02
2025-08-10,SKU022,64,70.0,64.0,82.0,70.0,64.68
2025-08-10,SKU023,107,102.0,107.0,91.0,101.75,105.97
2025-08-10,SKU024,84,104.0,73.0,70.0,82.75,84.53
2025-08-10,SKU025,17,20.0,23.0,24.0,21.0,17.68
2025-08-10,SKU026,150,156.0,173.0,155.0,158.5,154.11
2025-08-10,SKU027,120,156.0,155.0,163.0,148.5,126.09
2025-08-10,SKU028,40,35.0,36.0,42.0,38.25,39.89
2025-08-10,SKU029,93,97.0,120.0,112.0,105.5,95.29
2025-08-10,SKU030,30,33.0,29.0,36.0,32.0,29.67
2025-08-10,SKU031,129,121.0,127.0,131.0,127.0,128.01
2025-08-10,SKU032,51,80.0,52.0,54.0,59.25,53.73
2025-08-10,SKU033,110,112.0,119.0,121.0,115.5,108.89
2025-08-10,SKU034,111,124.0,152.0,147.0,133.5,116.2
2025-08-10,SKU035,134,137.0,154.0,132.0,139.25,136.03
2025-08-10,SKU036,26,33.0,26.0,37.0,30.5,27.62
2025-08-10,SKU037,162,143.0,149.0,182.0,159.0,161.03
2025-08-10,SKU038,42,45.0,50.0,59.0,49.0,43.0
2025-08-10,SKU039,23,23.0,34.0,18.0,24.5,24.24
2025-08-10,SKU040,90,108.0,97.0,99.0,98.5,90.99
2025-08-10,SKU041,72,63.0,69.0,93.0,74.25,73.69
2025-08-10,SKU042,141,167.0,157.0,161.0,156.5,143.37
2025-08-10,SKU043,156,149.0,132.0,161.0,149.5,154.03
2025-08-10,SKU044,66,65.0,69.0,72.0,68.0,66.88
2025-08-10,SKU045,151,149.0,170.0,187.0,164.25,154.48
2025-08-10,SKU046,69,51.0,78.0,74.0,68.0,66.95
2025-08-10,SKU047,95,120.0,107.0,105.0,106.75,95.53
2025-08-10,SKU048,50,43.0,67.0,52.0,53.0,48.92
2025-08-10,SKU049,159,158.0,168.0,171.0,164.0,159.18
2025-08-10,SKU050,35,36.0,43.0,53.0,41.75,36.97
2025-08-17,SKU001,90,77.0,101.0,111.0,94.75,90.02
2025-08-17,SKU002,70,60.0,75.0,76.0,70.25,69.67
2025-08-17,SKU003,39,38.0,26.0,41.0,36.0,39.46
2025-08-17,SKU004,26,26.0,33.0,29.0,28.5,26.34
2025-08-17,SKU005,114,96.0,115.0,124.0,112.25,113.05
2025-08-17,SKU006,38,46.0,49.0,43.0,44.0,39.3
2025-08-17,SKU007,158,145.0,181.0,167.0,162.75,159.09
2025-08-17,SKU008,126,101.0,112.0,105.0,111.0,124.1
2025-08-17,SKU009,61,66.0,69.0,67.0,65.75,62.01
2025-08-17,SKU010,113,95.0,91.0,105.0,101.0,111.68
2025-08-17,SKU011,14,22.0,18.0,11.0,16.25,14.88
2025-08-17,SKU012,177,163.0,160.0,155.0,163.75,176.55
2025-08-17,SKU013,106,82.0,85.0,87.0,90.0,103.47
2025-08-17,SKU014,123,121.0,141.0,148.0,133.25,123.11
2025-08-17,SKU015,27,23.0,25.0,27.0,25.5,26.06
2025-08-17,SKU016,85,93.0,85.0,97.0,90.0,86.22
2025-08-17,SKU017,85,76.0,82.0,83.0,81.5,84.54
2025-08-17,SKU018,146,139.0,179.0,159.0,155.75,144.9
2025-08-17,SKU019,106,104.0,116.0,90.0,104.0,106.78
2025-08-17,SKU020,87,94.0,69.0,96.0,86.5,85.91
2025-08-17,SKU021,54,60.0,54.0,62.0,57.5,54.23
2025-08-17,SKU022,64,64.0,70.0,64.0,65.5,64.89
2025-08-17,SKU023,102,107.0,102.0,107.0,104.5,103.38
2025-08-17,SKU024,83,84.0,104.0,73.0,86.0,84.13
2025-08-17,SKU025,13,17.0,20.0,23.0,18.25,13.5
2025-08-17,SKU026,128,150.0,156.0,173.0,151.75,131.11
2025-08-17,SKU027,146,120.0,156.0,155.0,144.25,143.77
2025-08-17,SKU028,31,40.0,35.0,36.0,35.5,33.46
2025-08-17,SKU029,113,93.0,97.0,120.0,105.75,111.45
2025-08-17,SKU030,28,30.0,33.0,29.0,30.0,28.53
2025-08-17,SKU031,136,129.0,121.0,127.0,128.25,133.83
2025-08-17,SKU032,65,51.0,80.0,52.0,62.0,63.56
2025-08-17,SKU033,96,110.0,112.0,119.0,109.25,98.6
2025-08-17,SKU034,135,111.0,124.0,152.0,130.5,131.8
2025-08-17,SKU035,146,134.0,137.0,154.0,142.75,144.94
2025-08-17,SKU036,22,26.0,33.0,26.0,26.75,22.27
2025-08-17,SKU037,146,162.0,143.0,149.0,150.0,145.99
2025-08-17,SKU038,60,42.0,45.0,50.0,49.25,57.07
2025-08-17,SKU039,20,23.0,23.0,34.0,25.0,21.34
2025-08-17,SKU040,92,90.0,108.0,97.0,96.75,93.55
2025-08-17,SKU041,81,72.0,63.0,69.0,71.25,75.55
2025-08-17,SKU042,142,141.0,167.0,157.0,151.75,143.38
2025-08-17,SKU043,142,156.0,149.0,132.0,144.75,142.23
2025-08-17,SKU044,61,66.0,65.0,69.0,65.25,63.78
2025-08-17,SKU045,155,151.0,149.0,170.0,156.25,151.87
2025-08-17,SKU046,64,69.0,51.0,78.0,65.5,65.03
2025-08-17,SKU047,101,95.0,120.0,107.0,105.75,99.18
2025-08-17,SKU048,35,50.0,43.0,67.0,48.75,47.21
2025-08-17,SKU049,163,159.0,158.0,168.0,162.0,159.74
2025-08-17,SKU050,43,35.0,36.0,43.0,39.25,41.09
2025-08-24,SKU001,91,90.0,77.0,101.0,89.75,92.1
2025-08-24,SKU002,70,70.0,60.0,75.0,68.75,66.33
2025-08-24,SKU003,34,39.0,38.0,26.0,34.25,35.55
2025-08-24,SKU004,18,26.0,26.0,33.0,25.75,21.42
2025-08-24,SKU005,95,114.0,96.0,115.0,105.0,104.91
2025-08-24,SKU006,42,38.0,46.0,49.0,43.75,40.96
2025-08-24,SKU007,146,158.0,145.0,181.0,157.5,146.42
2025-08-24,SKU008,89,126.0,101.0,112.0,107.0,100.7
2025-08-24,SKU009,69,61.0,66.0,69.0,66.25,65.82
2025-08-24,SKU010,100,113.0,95.0,91.0,99.75,100.47
2025-08-24,SKU011,24,14.0,22.0,18.0,19.5,19.95
2025-08-24,SKU012,178,177.0,163.0,160.0,169.5,176.46
2025-08-24,SKU013,96,106.0,82.0,85.0,92.25,94.08
2025-08-24,SKU014,131,123.0,121.0,141.0,129.0,129.54
2025-08-24,SKU015,26,27.0,23.0,25.0,25.25,26.31
2025-08-24,SKU016,90,85.0,93.0,85.0,88.25,89.81
2025-08-24,SKU017,85,85.0,76.0,82.0,82.0,85.9
2025-08-24,SKU018,151,146.0,139.0,179.0,153.75,147.17
2025-08-24,SKU019,109,106.0,104.0,116.0,108.75,110.6
2025-08-24,SKU020,99,87.0,94.0,69.0,87.25,90.13
2025-08-24,SKU021,60,54.0,60.0,54.0,57.0,60.15
2025-08-24,SKU022,69,64.0,64.0,70.0,66.75,67.58
2025-08-24,SKU023,95,102.0,107.0,102.0,101.5,95.29
2025-08-24,SKU024,69,83.0,84.0,104.0,85.0,78.39
2025-08-24,SKU025,18,13.0,17.0,20.0,17.0,18.51
2025-08-24,SKU026,123,128.0,150.0,156.0,139.25,137.51
2025-08-24,SKU027,145,146.0,120.0,156.0,141.75,147.84
2025-08-24,SKU028,27,31.0,40.0,35.0,33.25,29.7
2025-08-24,SKU029,114,113.0,93.0,97.0,104.25,109.08
2025-08-24,SKU030,36,28.0,30.0,33.0,31.75,32.77
2025-08-24,SKU031,111,136.0,129.0,121.0,124.25,117.05
2025-08-24,SKU032,51,65.0,51.0,80.0,61.75,61.34
2025-08-24,SKU033,113,96.0,110.0,112.0,107.75,110.73
2025-08-24,SKU034,103,135.0,111.0,124.0,118.25,118.04
2025-08-24,SKU035,117,146.0,134.0,137.0,133.5,123.58
2025-08-24,SKU036,27,22.0,26.0,33.0,27.0,25.34
2025-08-24,SKU037,170,146.0,162.0,143.0,155.25,163.71
2025-08-24,SKU038,47,60.0,42.0,45.0,48.5,51.67
2025-08-24,SKU039,18,20.0,23.0,23.0,21.0,17.93
2025-08-24,SKU040,110,92.0,90.0,108.0,100.0,105.74
2025-08-24,SKU041,66,81.0,72.0,63.0,70.5,69.72
2025-08-24,SKU042,154,142.0,141.0,167.0,151.0,146.49
2025-08-24,SKU043,130,142.0,156.0,149.0,144.25,139.32
2025-08-24,SKU044,70,61.0,66.0,65.0,65.5,68.97
2025-08-24,SKU045,159,155.0,151.0,149.0,153.5,160.31
2025-08-24,SKU046,54,64.0,69.0,51.0,59.5,58.88
2025-08-24,SKU047,86,101.0,95.0,120.0,100.5,92.52
2025-08-24,SKU048,45,35.0,50.0,43.0,43.25,43.41
2025-08-24,SKU049,145,163.0,159.0,158.0,156.25,147.51
2025-08-24,SKU050,35,43.0,35.0,36.0,37.25,36.67
2025-08-31,SKU001,97,91.0,90.0,77.0,88.75,92.84
2025-08-31,SKU002,79,70.0,70.0,60.0,69.75,72.69
2025-08-31,SKU003,27,34.0,39.0,38.0,34.5,29.69
2025-08-31,SKU004,36,18.0,26.0,26.0,26.5,29.71
2025-08-31,SKU005,96,95.0,114.0,96.0,100.25,97.76
2025-08-31,SKU006,36,42.0,38.0,46.0,40.5,38.78
2025-08-31,SKU007,170,146.0,158.0,145.0,154.75,164.15
2025-08-31,SKU008,101,89.0,126.0,101.0,104.25,103.18
2025-08-31,SKU009,62,69.0,61.0,66.0,64.5,63.05
2025-08-31,SKU010,114,100.0,113.0,95.0,105.5,109.19
2025-08-31,SKU011,11,24.0,14.0,22.0,17.75,14.46
2025-08-31,SKU012,171,178.0,177.0,163.0,172.25,172.95
2025-08-31,SKU013,84,96.0,106.0,82.0,92.0,92.63
2025-08-31,SKU014,157,131.0,123.0,121.0,133.0,148.85
2025-08-31,SKU015,28,26.0,27.0,23.0,26.0,25.78
2025-08-31,SKU016,85,90.0,85.0,93.0,88.25,84.94
2025-08-31,SKU017,78,85.0,85.0,76.0,81.0,78.78
2025-08-31,SKU018,161,151.0,146.0,139.0,149.25,157.23
2025-08-31,SKU019,93,109.0,106.0,104.0,103.0,93.0
2025-08-31,SKU020,74,99.0,87.0,94.0,88.5,75.15
2025-08-31,SKU021,43,60.0,54.0,60.0,54.25,52.25
2025-08-31,SKU022,49,69.0,64.0,64.0,61.5,53.87
2025-08-31,SKU023,82,95.0,102.0,107.0,96.5,88.8
2025-08-31,SKU024,93,69.0,83.0,84.0,82.25,87.44
2025-08-31,SKU025,22,18.0,13.0,17.0,17.5,22.23
2025-08-31,SKU026,129,123.0,128.0,150.0,132.5,124.5
2025-08-31,SKU027,138,145.0,146.0,120.0,137.25,133.72
2025-08-31,SKU028,45,27.0,31.0,40.0,35.75,38.39
2025-08-31,SKU029,103,114.0,113.0,93.0,105.75,103.78
2025-08-31,SKU030,32,36.0,28.0,30.0,31.5,31.59
2025-08-31,SKU031,123,111.0,136.0,129.0,124.75,121.89
2025-08-31,SKU032,55,51.0,65.0,51.0,55.5,53.75
2025-08-31,SKU033,115,113.0,96.0,110.0,108.5,112.19
2025-08-31,SKU034,138,103.0,135.0,111.0,121.75,123.98
2025-08-31,SKU035,132,117.0,146.0,134.0,132.25,131.56
2025-08-31,SKU036,43,27.0,22.0,26.0,29.5,32.74
2025-08-31,SKU037,171,170.0,146.0,162.0,162.25,171.06
2025-08-31,SKU038,49,47.0,60.0,42.0,49.5,47.95
2025-08-31,SKU039,13,18.0,20.0,23.0,18.5,14.02
2025-08-31,SKU040,99,110.0,92.0,90.0,97.75,102.01
2025-08-31,SKU041,80,66.0,81.0,72.0,74.75,76.04
2025-08-31,SKU042,162,154.0,142.0,141.0,149.75,156.48
2025-08-31,SKU043,139,130.0,142.0,156.0,141.75,141.78
2025-08-31,SKU044,51,70.0,61.0,66.0,62.0,57.11
2025-08-31,SKU045,138,159.0,155.0,151.0,150.75,142.73
2025-08-31,SKU046,58,54.0,64.0,69.0,61.25,50.93
2025-08-31,SKU047,92,86.0,101.0,95.0,93.5,93.41
2025-08-31,SKU048,60,45.0,35.0,50.0,47.5,51.64
2025-08-31,SKU049,159,145.0,163.0,159.0,156.5,153.49
2025-08-31,SKU050,34,35.0,43.0,35.0,36.75,35.58
2025-09-07,SKU001,88,97.0,91.0,90.0,91.5,91.65
2025-09-07,SKU002,62,79.0,70.0,70.0,70.25,65.54
2025-09-07,SKU003,34,27.0,34.0,39.0,33.5,33.04
2025-09-07,SKU004,38,36.0,18.0,26.0,29.5,30.1
2025-09-07,SKU005,95,96.0,95.0,114.0,100.0,97.18
2025-09-07,SKU006,43,36.0,42.0,38.0,39.75,38.73
2025-09-07,SKU007,152,170.0,146.0,158.0,156.5,151.91
2025-09-07,SKU008,92,101.0,89.0,126.0,102.0,100.9
2025-09-07,SKU009,71,62.0,69.0,61.0,65.75,69.59
2025-09-07,SKU010,104,114.0,100.0,113.0,107.75,107.97
2025-09-07,SKU011,16,11.0,24.0,14.0,16.25,17.2
2025-09-07,SKU012,180,171.0,178.0,177.0,176.5,176.84
2025-09-07,SKU013,99,84.0,96.0,106.0,96.25,96.24
2025-09-07,SKU014,127,157.0,131.0,123.0,134.5,137.37
2025-09-07,SKU015,28,28.0,26.0,27.0,27.25,26.95
2025-09-07,SKU016,66,85.0,90.0,85.0,81.5,72.17
2025-09-07,SKU017,71,78.0,85.0,85.0,79.75,70.57
2025-09-07,SKU018,150,161.0,151.0,146.0,152.0,152.28
2025-09-07,SKU019,103,93.0,109.0,106.0,102.75,99.41
2025-09-07,SKU020,97,74.0,99.0,87.0,89.25,92.95
2025-09-07,SKU021,47,43.0,60.0,54.0,51.0,46.28
2025-09-07,SKU022,55,49.0,69.0,64.0,59.25,59.34
2025-09-07,SKU023,76,82.0,95.0,102.0,88.75,82.42
2025-09-07,SKU024,104,93.0,69.0,83.0,87.25,96.64
2025-09-07,SKU025,17,22.0,18.0,13.0,17.5,19.02
2025-09-07,SKU026,153,129.0,123.0,128.0,133.25,143.62
2025-09-07,SKU027,167,138.0,145.0,146.0,149.0,157.71
2025-09-07,SKU028,35,45.0,27.0,31.0,34.5,32.69
2025-09-07,SKU029,90,103.0,114.0,113.0,105.0,99.26
2025-09-07,SKU030,26,32.0,36.0,28.0,30.5,30.19
2025-09-07,SKU031,118,123.0,111.0,136.0,122.0,120.18
2025-09-07,SKU032,48,55.0,51.0,65.0,54.75,52.52
2025-09-07,SKU033,97,115.0,113.0,96.0,105.25,100.11
2025-09-07,SKU034,150,138.0,103.0,135.0,131.5,135.07
2025-09-07,SKU035,147,132.0,117.0,146.0,135.5,136.53
2025-09-07,SKU036,28,43.0,27.0,22.0,30.0,29.89
2025-09-07,SKU037,133,171.0,170.0,146.0,155.0,149.95
2025-09-07,SKU038,48,49.0,47.0,60.0,51.0,50.98
2025-09-07,SKU039,17,13.0,18.0,20.0,17.0,16.34
2025-09-07,SKU040,105,99.0,110.0,92.0,101.5,106.69
2025-09-07,SKU041,72,80.0,66.0,81.0,74.75,75.19
2025-09-07,SKU042,146,162.0,154.0,142.0,151.0,149.83
2025-09-07,SKU043,133,139.0,130.0,142.0,136.0,135.68
2025-09-07,SKU044,56,51.0,70.0,61.0,59.5,59.64
2025-09-07,SKU045,163,138.0,159.0,155.0,153.75,159.63
2025-09-07,SKU046,53,58.0,54.0,64.0,57.25,54.93
2025-09-07,SKU047,103,92.0,86.0,101.0,95.5,97.88
2025-09-07,SKU048,57,60.0,45.0,35.0,49.25,54.84
2025-09-07,SKU049,152,159.0,145.0,163.0,154.75,153.52
2025-09-07,SKU050,29,34.0,35.0,43.0,35.25,33.98
2025-09-14,SKU001,93,88.0,97.0,91.0,92.25,94.05
2025-09-14,SKU002,65,62.0,79.0,70.0,69.0,68.9
2025-09-14,SKU003,42,34.0,27.0,34.0,34.25,39.4
2025-09-14,SKU004,29,38.0,36.0,18.0,30.25,29.11
2025-09-14,SKU005,96,95.0,96.0,95.0,95.5,100.77
2025-09-14,SKU006,40,43.0,36.0,42.0,40.25,39.09
2025-09-14,SKU007,153,152.0,170.0,146.0,155.25,157.35
2025-09-14,SKU008,90,92.0,101.0,89.0,93.0,92.07
2025-09-14,SKU009,87,71.0,62.0,69.0,72.25,77.22
2025-09-14,SKU010,92,104.0,114.0,100.0,102.5,96.64
2025-09-14,SKU011,16,16.0,11.0,24.0,16.75,16.86
2025-09-14,SKU012,160,180.0,171.0,178.0,172.25,163.69
2025-09-14,SKU013,105,99.0,84.0,96.0,96.0,102.34
2025-09-14,SKU014,151,127.0,157.0,131.0,141.5,146.85
2025-09-14,SKU015,24,28.0,28.0,26.0,26.5,25.22
2025-09-14,SKU016,78,66.0,85.0,90.0,79.75,71.47
2025-09-14,SKU017,77,71.0,78.0,85.0,77.75,76.97
2025-09-14,SKU018,155,150.0,161.0,151.0,154.25,154.27
2025-09-14,SKU019,76,103.0,93.0,109.0,95.25,82.58
2025-09-14,SKU020,91,97.0,74.0,99.0,90.25,92.46
2025-09-14,SKU021,55,47.0,43.0,60.0,51.25,54.68
2025-09-14,SKU022,67,55.0,49.0,69.0,60.0,59.39
2025-09-14,SKU023,53,76.0,82.0,95.0,76.5,64.79
2025-09-14,SKU024,79,104.0,93.0,69.0,86.25,81.15
2025-09-14,SKU025,16,17.0,22.0,18.0,18.25,16.87
2025-09-14,SKU026,124,153.0,129.0,123.0,132.25,138.53
2025-09-14,SKU027,143,167.0,138.0,145.0,148.25,144.76
2025-09-14,SKU028,36,35.0,45.0,27.0,35.75,38.58
2025-09-14,SKU029,89,90.0,103.0,114.0,99.0,95.4
2025-09-14,SKU030,34,26.0,32.0,36.0,32.0,33.16
2025-09-14,SKU031,125,118.0,123.0,111.0,119.25,124.75
2025-09-14,SKU032,76,48.0,55.0,51.0,57.5,66.91
2025-09-14,SKU033,126,97.0,115.0,113.0,112.75,121.16
2025-09-14,SKU034,115,150.0,138.0,103.0,126.5,126.32
2025-09-14,SKU035,119,147.0,132.0,117.0,128.75,126.63
2025-09-14,SKU036,26,28.0,43.0,27.0,31.0,31.83
2025-09-14,SKU037,154,133.0,171.0,170.0,157.0,148.51
2025-09-14,SKU038,47,48.0,49.0,47.0,47.75,47.64
2025-09-14,SKU039,20,17.0,13.0,18.0,17.0,20.03
2025-09-14,SKU040,106,105.0,99.0,110.0,105.0,105.81
2025-09-14,SKU041,58,72.0,80.0,66.0,69.0,60.99
2025-09-14,SKU042,149,146.0,162.0,154.0,152.75,150.83
2025-09-14,SKU043,143,133.0,139.0,130.0,136.25,138.91
2025-09-14,SKU044,61,56.0,51.0,70.0,59.5,58.51
2025-09-14,SKU045,171,163.0,138.0,159.0,157.75,165.63
2025-09-14,SKU046,56,53.0,58.0,54.0,55.25,55.41
2025-09-14,SKU047,78,103.0,92.0,86.0,89.75,84.84
2025-09-14,SKU048,58,57.0,60.0,45.0,55.0,56.89
2025-09-14,SKU049,167,152.0,159.0,145.0,155.75,159.66
2025-09-14,SKU050,33,29.0,34.0,35.0,32.75,33.56
2025-09-21,SKU001,88,93.0,88.0,97.0,91.5,89.07
2025-09-21,SKU002,79,65.0,62.0,79.0,71.25,74.49
2025-09-21,SKU003,39,42.0,34.0,27.0,35.5,39.45
2025-09-21,SKU004,26,29.0,38.0,36.0,32.25,29.56
2025-09-21,SKU005,89,96.0,95.0,96.0,94.0,91.1
2025-09-21,SKU006,45,40.0,43.0,36.0,41.0,45.59
2025-09-21,SKU007,162,153.0,152.0,170.0,159.25,157.39
2025-09-21,SKU008,87,90.0,92.0,101.0,92.5,91.01
2025-09-21,SKU009,70,87.0,71.0,62.0,72.5,74.54
2025-09-21,SKU010,114,92.0,104.0,114.0,106.0,107.8
2025-09-21,SKU011,16,16.0,16.0,11.0,14.75,14.18
2025-09-21,SKU012,171,160.0,180.0,171.0,170.5,171.25
2025-09-21,SKU013,82,105.0,99.0,84.0,92.5,91.49
2025-09-21,SKU014,140,151.0,127.0,157.0,143.75,145.47
2025-09-21,SKU015,23,24.0,28.0,28.0,25.75,24.12
2025-09-21,SKU016,76,78.0,66.0,85.0,76.25,77.21
2025-09-21,SKU017,83,77.0,71.0,78.0,77.25,84.45
2025-09-21,SKU018,148,155.0,150.0,161.0,153.5,153.13
2025-09-21,SKU019,100,76.0,103.0,93.0,93.0,93.2
2025-09-21,SKU020,79,91.0,97.0,74.0,85.25,82.96
2025-09-21,SKU021,55,55.0,47.0,43.0,50.0,52.24
2025-09-21,SKU022,60,67.0,55.0,49.0,57.75,55.35
2025-09-21,SKU023,111,53.0,76.0,82.0,80.5,91.06
2025-09-21,SKU024,84,79.0,104.0,93.0,90.0,85.15
2025-09-21,SKU025,16,16.0,17.0,22.0,17.75,15.63
2025-09-21,SKU026,138,124.0,153.0,129.0,136.0,129.55
2025-09-21,SKU027,158,143.0,167.0,138.0,151.5,152.72
2025-09-21,SKU028,34,36.0,35.0,45.0,37.5,35.71
2025-09-21,SKU029,105,89.0,90.0,103.0,96.75,101.72
2025-09-21,SKU030,32,34.0,26.0,32.0,31.0,30.17
2025-09-21,SKU031,118,125.0,118.0,123.0,121.0,119.71
2025-09-21,SKU032,57,76.0,48.0,55.0,59.0,55.86
2025-09-21,SKU033,110,126.0,97.0,115.0,112.0,110.14
2025-09-21,SKU034,110,115.0,150.0,138.0,128.25,119.19
2025-09-21,SKU035,138,119.0,147.0,132.0,134.0,134.34
2025-09-21,SKU036,35,26.0,28.0,43.0,33.0,32.37
2025-09-21,SKU037,165,154.0,133.0,171.0,155.75,157.59
2025-09-21,SKU038,40,47.0,48.0,49.0,46.0,41.57
2025-09-21,SKU039,18,20.0,17.0,13.0,17.0,20.77
2025-09-21,SKU040,109,106.0,105.0,99.0,104.75,108.36
2025-09-21,SKU041,66,58.0,72.0,80.0,69.0,69.35
2025-09-21,SKU042,169,149.0,146.0,162.0,156.5,159.2
2025-09-21,SKU043,143,143.0,133.0,139.0,139.5,143.88
2025-09-21,SKU044,47,61.0,56.0,51.0,53.75,53.66
2025-09-21,SKU045,147,171.0,163.0,138.0,154.75,151.29
2025-09-21,SKU046,61,56.0,53.0,58.0,57.0,58.51
2025-09-21,SKU047,87,78.0,103.0,92.0,90.0,88.88
2025-09-21,SKU048,54,58.0,57.0,60.0,57.25,55.64
2025-09-21,SKU049,158,167.0,152.0,159.0,159.0,160.43
2025-09-21,SKU050,30,33.0,29.0,34.0,31.5,28.06
2025-09-28,SKU001,86,88.0,93.0,88.0,88.75,85.44
2025-09-28,SKU002,60,79.0,65.0,62.0,66.5,63.32
2025-09-28,SKU003,42,39.0,42.0,34.0,39.25,40.9
2025-09-28,SKU004,28,26.0,29.0,38.0,30.25,28.48
2025-09-28,SKU005,108,89.0,96.0,95.0,97.0,105.76
2025-09-28,SKU006,48,45.0,40.0,43.0,44.0,47.61
2025-09-28,SKU007,171,162.0,153.0,152.0,159.5,164.61
2025-09-28,SKU008,93,87.0,90.0,92.0,90.5,94.26
2025-09-28,SKU009,69,70.0,87.0,71.0,74.25,68.76
2025-09-28,SKU010,100,114.0,92.0,104.0,102.5,101.79
2025-09-28,SKU011,11,16.0,16.0,16.0,14.75,13.14
2025-09-28,SKU012,150,171.0,160.0,180.0,165.25,157.87
2025-09-28,SKU013,82,82.0,105.0,99.0,92.0,84.73
2025-09-28,SKU014,132,140.0,151.0,127.0,137.5,132.12
2025-09-28,SKU015,28,23.0,24.0,28.0,25.75,27.36
2025-09-28,SKU016,78,76.0,78.0,66.0,74.5,78.59
2025-09-28,SKU017,90,83.0,77.0,71.0,80.25,84.18
2025-09-28,SKU018,146,148.0,155.0,150.0,149.75,144.89
2025-09-28,SKU019,105,100.0,76.0,103.0,96.0,94.21
2025-09-28,SKU020,86,79.0,91.0,97.0,88.25,85.13
2025-09-28,SKU021,53,55.0,55.0,47.0,52.5,54.06
2025-09-28,SKU022,61,60.0,67.0,55.0,60.75,59.44
2025-09-28,SKU023,90,111.0,53.0,76.0,82.5,85.34
2025-09-28,SKU024,80,84.0,79.0,104.0,86.75,85.15
2025-09-28,SKU025,21,16.0,16.0,17.0,17.5,21.45
2025-09-28,SKU026,132,138.0,124.0,153.0,136.75,128.98
2025-09-28,SKU027,150,158.0,143.0,167.0,154.5,150.34
2025-09-28,SKU028,30,34.0,36.0,35.0,33.75,29.57
2025-09-28,SKU029,86,105.0,89.0,90.0,92.5,93.78
2025-09-28,SKU030,41,32.0,34.0,26.0,33.25,37.51
2025-09-28,SKU031,112,118.0,125.0,118.0,118.25,110.71
2025-09-28,SKU032,60,57.0,76.0,48.0,60.25,62.39
2025-09-28,SKU033,125,110.0,126.0,97.0,114.5,115.21
2025-09-28,SKU034,148,110.0,115.0,150.0,130.75,132.19
2025-09-28,SKU035,123,138.0,119.0,147.0,131.75,125.22
2025-09-28,SKU036,27,35.0,26.0,28.0,29.0,27.74
2025-09-28,SKU037,157,165.0,154.0,133.0,152.25,155.63
2025-09-28,SKU038,49,40.0,47.0,48.0,46.0,46.55
2025-09-28,SKU039,25,18.0,20.0,17.0,20.0,23.31
2025-09-28,SKU040,87,109.0,106.0,105.0,101.75,90.33
2025-09-28,SKU041,62,66.0,58.0,72.0,64.5,60.73
2025-09-28,SKU042,123,169.0,149.0,146.0,146.75,136.4
2025-09-28,SKU043,121,143.0,143.0,133.0,135.0,127.57
2025-09-28,SKU044,66,47.0,61.0,56.0,57.5,60.66
2025-09-28,SKU045,162,147.0,171.0,163.0,160.75,163.38
2025-09-28,SKU046,73,61.0,56.0,53.0,60.75,67.72
2025-09-28,SKU047,94,87.0,78.0,103.0,90.5,93.51
2025-09-28,SKU048,50,54.0,58.0,57.0,54.75,52.29
2025-09-28,SKU049,168,158.0,167.0,152.0,161.25,169.07
2025-09-28,SKU050,38,30.0,33.0,29.0,32.5,36.94
2025-10-05,SKU001,83,86.0,88.0,93.0,87.5,83.43
2025-10-05,SKU002,63,60.0,79.0,65.0,66.75,67.11
2025-10-05,SKU003,43,42.0,39.0,42.0,41.5,43.09
2025-10-05,SKU004,23,28.0,26.0,29.0,26.5,25.25
2025-10-05,SKU005,97,108.0,89.0,96.0,97.5,100.7
2025-10-05,SKU006,43,48.0,45.0,40.0,44.0,41.67
2025-10-05,SKU007,129,171.0,162.0,153.0,153.75,143.78
2025-10-05,SKU008,98,93.0,87.0,90.0,92.0,96.26
2025-10-05,SKU009,58,69.0,70.0,87.0,71.0,62.9
2025-10-05,SKU010,79,100.0,114.0,92.0,96.25,92.03
2025-10-05,SKU011,28,11.0,16.0,16.0,17.75,22.22
2025-10-05,SKU012,136,150.0,171.0,160.0,154.25,145.84
2025-10-05,SKU013,96,82.0,82.0,105.0,91.25,90.36
2025-10-05,SKU014,123,132.0,140.0,151.0,136.5,128.84
2025-10-05,SKU015,19,28.0,23.0,24.0,23.5,22.29
2025-10-05,SKU016,72,78.0,76.0,78.0,76.0,72.4
2025-10-05,SKU017,75,90.0,83.0,77.0,81.25,76.31
2025-10-05,SKU018,138,146.0,148.0,155.0,146.75,139.91
2025-10-05,SKU019,83,105.0,100.0,76.0,91.0,90.25
2025-10-05,SKU020,75,86.0,79.0,91.0,82.75,78.86
2025-10-05,SKU021,35,53.0,55.0,55.0,49.5,44.28
2025-10-05,SKU022,50,61.0,60.0,67.0,59.5,55.17
2025-10-05,SKU023,89,90.0,111.0,53.0,85.75,84.03
2025-10-05,SKU024,69,80.0,84.0,79.0,78.0,77.71
2025-10-05,SKU025,12,21.0,16.0,16.0,16.25,14.12
2025-10-05,SKU026,114,132.0,138.0,124.0,127.0,124.8
2025-10-05,SKU027,151,150.0,158.0,143.0,150.5,154.61
2025-10-05,SKU028,18,30.0,34.0,36.0,29.5,24.49
2025-10-05,SKU029,78,86.0,105.0,89.0,89.5,81.46
2025-10-05,SKU030,27,41.0,32.0,34.0,33.5,29.71
2025-10-05,SKU031,107,112.0,118.0,125.0,115.5,109.5
2025-10-05,SKU032,44,60.0,57.0,76.0,59.25,56.02
2025-10-05,SKU033,102,125.0,110.0,126.0,115.75,109.23
2025-10-05,SKU034,106,148.0,110.0,115.0,119.75,121.47
2025-10-05,SKU035,134,123.0,138.0,119.0,128.5,132.31
2025-10-05,SKU036,33,27.0,35.0,26.0,30.25,31.52
2025-10-05,SKU037,140,157.0,165.0,154.0,154.0,149.64
2025-10-05,SKU038,40,49.0,40.0,47.0,44.0,42.85
2025-10-05,SKU039,26,25.0,18.0,20.0,22.25,23.11
2025-10-05,SKU040,76,87.0,109.0,106.0,94.5,81.72
2025-10-05,SKU041,67,62.0,66.0,58.0,63.25,67.78
2025-10-05,SKU042,132,123.0,169.0,149.0,143.25,131.47
2025-10-05,SKU043,115,121.0,143.0,143.0,130.5,120.9
2025-10-05,SKU044,50,66.0,47.0,61.0,56.0,52.46
2025-10-05,SKU045,142,162.0,147.0,171.0,155.5,149.42
2025-10-05,SKU046,62,73.0,61.0,56.0,63.0,63.12
2025-10-05,SKU047,77,94.0,87.0,78.0,84.0,81.09
2025-10-05,SKU048,46,50.0,54.0,58.0,52.0,50.41
2025-10-05,SKU049,142,168.0,158.0,167.0,158.75,152.79
2025-10-05,SKU050,35,38.0,30.0,33.0,34.0,32.86
2025-10-12,SKU001,82,83.0,86.0,88.0,84.75,82.82
2025-10-12,SKU002,56,63.0,60.0,79.0,64.5,58.84
2025-10-12,SKU003,33,43.0,42.0,39.0,39.25,33.01
2025-10-12,SKU004,28,23.0,28.0,26.0,26.25,26.21
2025-10-12,SKU005,107,97.0,108.0,89.0,100.25,102.28
2025-10-12,SKU006,38,43.0,48.0,45.0,43.5,41.87
2025-10-12,SKU007,149,129.0,171.0,162.0,152.75,144.77
2025-10-12,SKU008,88,98.0,93.0,87.0,91.5,90.99
2025-10-12,SKU009,51,58.0,69.0,70.0,62.0,53.5
2025-10-12,SKU010,83,79.0,100.0,114.0,94.0,88.26
2025-10-12,SKU011,16,28.0,11.0,16.0,17.75,17.5
2025-10-12,SKU012,140,136.0,150.0,171.0,149.25,140.64
2025-10-12,SKU013,87,96.0,82.0,82.0,86.75,86.62
2025-10-12,SKU014,122,123.0,132.0,140.0,129.25,125.72
2025-10-12,SKU015,16,19.0,28.0,23.0,21.5,20.0
2025-10-12,SKU016,84,72.0,78.0,76.0,77.5,89.02
2025-10-12,SKU017,76,75.0,90.0,83.0,81.0,78.55
2025-10-12,SKU018,154,138.0,146.0,148.0,146.5,152.59
2025-10-12,SKU019,92,83.0,105.0,100.0,95.0,90.66
2025-10-12,SKU020,107,75.0,86.0,79.0,86.75,94.57
2025-10-12,SKU021,48,35.0,53.0,55.0,47.75,49.47
2025-10-12,SKU022,54,50.0,61.0,60.0,56.25,53.42
2025-10-12,SKU023,80,89.0,90.0,111.0,92.5,89.31
2025-10-12,SKU024,65,69.0,80.0,84.0,74.5,70.12
2025-10-12,SKU025,13,12.0,21.0,16.0,15.5,16.8
2025-10-12,SKU026,135,114.0,132.0,138.0,129.75,131.99
2025-10-12,SKU027,149,151.0,150.0,158.0,152.0,149.06
2025-10-12,SKU028,31,18.0,30.0,34.0,28.25,28.23
2025-10-12,SKU029,92,78.0,86.0,105.0,90.25,88.86
2025-10-12,SKU030,25,27.0,41.0,32.0,31.25,29.82
2025-10-12,SKU031,109,107.0,112.0,118.0,111.5,108.93
2025-10-12,SKU032,50,44.0,60.0,57.0,52.75,45.99
2025-10-12,SKU033,88,102.0,125.0,110.0,106.25,96.04
2025-10-12,SKU034,97,106.0,148.0,110.0,115.25,108.66
2025-10-12,SKU035,108,134.0,123.0,138.0,125.75,115.96
2025-10-12,SKU036,19,33.0,27.0,35.0,28.5,24.51
2025-10-12,SKU037,128,140.0,157.0,165.0,147.5,133.05
2025-10-12,SKU038,48,40.0,49.0,40.0,44.25,44.0
2025-10-12,SKU039,17,26.0,25.0,18.0,21.5,19.65
2025-10-12,SKU040,82,76.0,87.0,109.0,88.5,86.05
2025-10-12,SKU041,54,67.0,62.0,66.0,62.25,57.93
2025-10-12,SKU042,137,132.0,123.0,169.0,140.25,143.68
2025-10-12,SKU043,125,115.0,121.0,143.0,126.0,124.87
2025-10-12,SKU044,49,50.0,66.0,47.0,53.0,46.88
2025-10-12,SKU045,123,142.0,162.0,147.0,143.5,135.74
2025-10-12,SKU046,47,62.0,73.0,61.0,60.75,54.54
2025-10-12,SKU047,81,77.0,94.0,87.0,84.75,83.53
2025-10-12,SKU048,51,46.0,50.0,54.0,50.25,49.7
2025-10-12,SKU049,137,142.0,168.0,158.0,151.25,139.15
2025-10-12,SKU050,39,35.0,38.0,30.0,35.5,41.06
2025-10-19,SKU001,82,82.0,83.0,86.0,83.25,83.62
2025-10-19,SKU002,59,56.0,63.0,60.0,59.5,61.96
2025-10-19,SKU003,26,33.0,43.0,42.0,36.0,29.81
2025-10-19,SKU004,24,28.0,23.0,28.0,25.75,25.74
2025-10-19,SKU005,105,107.0,97.0,108.0,104.25,108.33
2025-10-19,SKU006,29,38.0,43.0,48.0,39.5,32.53
2025-10-19,SKU007,158,149.0,129.0,171.0,151.75,151.05
2025-10-19,SKU008,115,88.0,98.0,93.0,98.5,108.25
2025-10-19,SKU009,63,51.0,58.0,69.0,60.25,57.81
2025-10-19,SKU010,96,83.0,79.0,100.0,89.5,94.33
2025-10-19,SKU011,11,16.0,28.0,11.0,16.5,17.09
2025-10-19,SKU012,128,140.0,136.0,150.0,138.5,136.08
2025-10-19,SKU013,61,87.0,96.0,82.0,81.5,70.95
2025-10-19,SKU014,120,122.0,123.0,132.0,124.25,121.07
2025-10-19,SKU015,21,16.0,19.0,28.0,21.0,22.53
2025-10-19,SKU016,86,84.0,72.0,78.0,80.0,84.97
2025-10-19,SKU017,84,76.0,75.0,90.0,81.25,82.28
2025-10-19,SKU018,141,154.0,138.0,146.0,144.75,146.7
2025-10-19,SKU019,96,92.0,83.0,105.0,94.0,95.01
2025-10-19,SKU020,74,107.0,75.0,86.0,85.5,83.8
2025-10-19,SKU021,65,48.0,35.0,53.0,50.25,55.59
2025-10-19,SKU022,58,54.0,50.0,61.0,55.75,56.02
2025-10-19,SKU023,74,80.0,89.0,90.0,83.25,75.26
2025-10-19,SKU024,75,65.0,69.0,80.0,72.25,71.5
2025-10-19,SKU025,17,13.0,12.0,21.0,15.75,16.16
2025-10-19,SKU026,138,135.0,114.0,132.0,129.75,130.06
2025-10-19,SKU027,127,149.0,151.0,150.0,144.25,134.86
2025-10-19,SKU028,32,31.0,18.0,30.0,27.75,30.8
2025-10-19,SKU029,85,92.0,78.0,86.0,85.25,88.21
2025-10-19,SKU030,32,25.0,27.0,41.0,31.25,28.79
2025-10-19,SKU031,120,109.0,107.0,112.0,112.0,117.08
2025-10-19,SKU032,48,50.0,44.0,60.0,50.5,52.42
2025-10-19,SKU033,100,88.0,102.0,125.0,103.75,97.05
2025-10-19,SKU034,115,97.0,106.0,148.0,116.5,118.42
2025-10-19,SKU035,129,108.0,134.0,123.0,123.5,121.08
2025-10-19,SKU036,19,19.0,33.0,27.0,24.5,23.83
2025-10-19,SKU037,147,128.0,140.0,157.0,143.0,147.81
2025-10-19,SKU038,44,48.0,40.0,49.0,45.25,43.12
2025-10-19,SKU039,16,17.0,26.0,25.0,21.0,19.78
2025-10-19,SKU040,81,82.0,76.0,87.0,81.5,85.74
2025-10-19,SKU041,62,54.0,67.0,62.0,61.25,61.21
2025-10-19,SKU042,138,137.0,132.0,123.0,132.5,139.85
2025-10-19,SKU043,123,125.0,115.0,121.0,121.0,121.95
2025-10-19,SKU044,56,49.0,50.0,66.0,55.25,54.53
2025-10-19,SKU045,120,123.0,142.0,162.0,136.75,127.71
2025-10-19,SKU046,40,47.0,62.0,73.0,55.5,49.11
2025-10-19,SKU047,76,81.0,77.0,94.0,82.0,81.12
2025-10-19,SKU048,59,51.0,46.0,50.0,51.5,56.29
2025-10-19,SKU049,152,137.0,142.0,168.0,149.75,146.15
2025-10-19,SKU050,31,39.0,35.0,38.0,35.75,33.67
2025-10-26,SKU001,78,82.0,82.0,83.0,81.25,80.12
2025-10-26,SKU002,51,59.0,56.0,63.0,57.25,53.96
2025-10-26,SKU003,34,26.0,33.0,43.0,34.0,33.46
2025-10-26,SKU004,24,24.0,28.0,23.0,24.75,24.17
2025-10-26,SKU005,98,105.0,107.0,97.0,101.75,101.17
2025-10-26,SKU006,34,29.0,38.0,43.0,36.0,37.98
2025-10-26,SKU007,131,158.0,149.0,129.0,141.75,137.35
2025-10-26,SKU008,81,115.0,88.0,98.0,95.5,93.35
2025-10-26,SKU009,52,63.0,51.0,58.0,56.0,54.06
2025-10-26,SKU010,86,96.0,83.0,79.0,86.0,83.62
2025-10-26,SKU011,18,11.0,16.0,28.0,18.25,15.97
2025-10-26,SKU012,141,128.0,140.0,136.0,136.25,134.31
2025-10-26,SKU013,69,61.0,87.0,96.0,78.25,73.6
2025-10-26,SKU014,133,120.0,122.0,123.0,124.5,128.15
2025-10-26,SKU015,21,21.0,16.0,19.0,19.25,19.31
2025-10-26,SKU016,73,86.0,84.0,72.0,78.75,73.49
2025-10-26,SKU017,61,84.0,76.0,75.0,74.0,67.04
2025-10-26,SKU018,135,141.0,154.0,138.0,142.0,139.32
2025-10-26,SKU019,84,96.0,92.0,83.0,88.75,85.42
2025-10-26,SKU020,88,74.0,107.0,75.0,86.0,89.77
2025-10-26,SKU021,44,65.0,48.0,35.0,48.0,49.28
2025-10-26,SKU022,51,58.0,54.0,50.0,53.25,52.65
2025-10-26,SKU023,91,74.0,80.0,89.0,83.5,88.94
2025-10-26,SKU024,82,75.0,65.0,69.0,72.75,75.71
2025-10-26,SKU025,17,17.0,13.0,12.0,14.75,14.49
2025-10-26,SKU026,124,138.0,135.0,114.0,127.75,127.91
2025-10-26,SKU027,130,127.0,149.0,151.0,139.25,138.17
2025-10-26,SKU028,30,32.0,31.0,18.0,27.75,26.64
2025-10-26,SKU029,98,85.0,92.0,78.0,88.25,94.99
2025-10-26,SKU030,27,32.0,25.0,27.0,27.75,29.91
2025-10-26,SKU031,114,120.0,109.0,107.0,112.5,114.52
2025-10-26,SKU032,52,48.0,50.0,44.0,48.5,51.04
2025-10-26,SKU033,95,100.0,88.0,102.0,96.25,94.27
2025-10-26,SKU034,101,115.0,97.0,106.0,104.75,106.37
2025-10-26,SKU035,135,129.0,108.0,134.0,126.5,127.87
2025-10-26,SKU036,34,19.0,19.0,33.0,26.25,29.29
2025-10-26,SKU037,139,147.0,128.0,140.0,138.5,143.46
2025-10-26,SKU038,44,44.0,48.0,40.0,44.0,42.8
2025-10-26,SKU039,19,16.0,17.0,26.0,19.5,19.55
2025-10-26,SKU040,91,81.0,82.0,76.0,82.5,87.57
2025-10-26,SKU041,52,62.0,54.0,67.0,58.75,54.99
2025-10-26,SKU042,117,138.0,137.0,132.0,131.0,119.83
2025-10-26,SKU043,117,123.0,125.0,115.0,120.0,115.34
2025-10-26,SKU044,53,56.0,49.0,50.0,52.0,52.49
2025-10-26,SKU045,143,120.0,123.0,142.0,132.0,139.2
2025-10-26,SKU046,50,40.0,47.0,62.0,49.75,49.91
2025-10-26,SKU047,75,76.0,81.0,77.0,77.25,77.55
2025-10-26,SKU048,31,59.0,51.0,46.0,46.75,42.66
2025-10-26,SKU049,138,152.0,137.0,142.0,142.25,137.72
2025-10-26,SKU050,31,31.0,39.0,35.0,34.0,34.45
2025-11-02,SKU001,93,78.0,82.0,82.0,83.75,89.72
2025-11-02,SKU002,70,51.0,59.0,56.0,59.0,63.02
2025-11-02,SKU003,41,34.0,26.0,33.0,33.5,34.1
2025-11-02,SKU004,32,24.0,24.0,28.0,27.0,28.92
2025-11-02,SKU005,104,98.0,105.0,107.0,103.5,98.31
2025-11-02,SKU006,36,34.0,29.0,38.0,34.25,32.44
2025-11-02,SKU007,152,131.0,158.0,149.0,147.5,149.96
2025-11-02,SKU008,100,81.0,115.0,88.0,96.0,94.61
2025-11-02,SKU009,78,52.0,63.0,51.0,61.0,66.08
2025-11-02,SKU010,120,86.0,96.0,83.0,96.25,110.98
2025-11-02,SKU011,19,18.0,11.0,16.0,16.0,17.44
2025-11-02,SKU012,151,141.0,128.0,140.0,140.0,149.32
2025-11-02,SKU013,79,69.0,61.0,87.0,74.0,77.19
2025-11-02,SKU014,127,133.0,120.0,122.0,125.5,126.46
2025-11-02,SKU015,17,21.0,21.0,16.0,18.75,17.47
2025-11-02,SKU016,109,73.0,86.0,84.0,88.0,95.29
2025-11-02,SKU017,83,61.0,84.0,76.0,76.0,75.95
2025-11-02,SKU018,166,135.0,141.0,154.0,149.0,155.96
2025-11-02,SKU019,91,84.0,96.0,92.0,90.75,94.01
2025-11-02,SKU020,101,88.0,74.0,107.0,92.5,93.79
2025-11-02,SKU021,58,44.0,65.0,48.0,53.75,55.82
2025-11-02,SKU022,62,51.0,58.0,54.0,56.25,58.13
2025-11-02,SKU023,84,91.0,74.0,80.0,82.25,86.73
2025-11-02,SKU024,83,82.0,75.0,65.0,76.25,74.85
2025-11-02,SKU025,20,17.0,17.0,13.0,16.75,21.64
2025-11-02,SKU026,141,124.0,138.0,135.0,134.5,135.61
2025-11-02,SKU027,136,130.0,127.0,149.0,135.5,130.62
2025-11-02,SKU028,31,30.0,32.0,31.0,31.0,31.18
2025-11-02,SKU029,104,98.0,85.0,92.0,94.75,99.43
2025-11-02,SKU030,28,27.0,32.0,25.0,28.0,25.54
2025-11-02,SKU031,110,114.0,120.0,109.0,113.25,108.86
2025-11-02,SKU032,67,52.0,48.0,50.0,54.25,65.94
2025-11-02,SKU033,95,95.0,100.0,88.0,94.5,92.83
2025-11-02,SKU034,122,101.0,115.0,97.0,108.75,117.46
2025-11-02,SKU035,117,135.0,129.0,108.0,122.25,120.99
2025-11-02,SKU036,29,34.0,19.0,19.0,25.25,27.22
2025-11-02,SKU037,154,139.0,147.0,128.0,142.0,151.3
2025-11-02,SKU038,37,44.0,44.0,48.0,43.25,41.45
2025-11-02,SKU039,18,19.0,16.0,17.0,17.5,19.75
2025-11-02,SKU040,103,91.0,81.0,82.0,89.25,97.34
2025-11-02,SKU041,67,52.0,62.0,54.0,58.75,62.37
2025-11-02,SKU042,134,117.0,138.0,137.0,131.5,129.43
2025-11-02,SKU043,147,117.0,123.0,125.0,128.0,135.8
2025-11-02,SKU044,60,53.0,56.0,49.0,54.5,59.67
2025-11-02,SKU045,143,143.0,120.0,123.0,132.25,143.71
2025-11-02,SKU046,64,50.0,40.0,47.0,50.25,55.2
2025-11-02,SKU047,101,75.0,76.0,81.0,83.25,94.74
2025-11-02,SKU048,61,31.0,59.0,51.0,50.5,47.49
2025-11-02,SKU049,150,138.0,152.0,137.0,144.25,148.47
2025-11-02,SKU050,32,31.0,31.0,39.0,33.25,32.39
2025-11-09,SKU001,92,93.0,78.0,82.0,86.25,91.81
2025-11-09,SKU002,72,70.0,51.0,59.0,63.0,68.35
2025-11-09,SKU003,39,41.0,34.0,26.0,35.0,37.37
2025-11-09,SKU004,27,32.0,24.0,24.0,26.75,28.16
2025-11-09,SKU005,114,104.0,98.0,105.0,105.25,111.19
2025-11-09,SKU006,39,36.0,34.0,29.0,34.5,39.36
2025-11-09,SKU007,142,152.0,131.0,158.0,145.75,147.43
2025-11-09,SKU008,112,100.0,81.0,115.0,102.0,106.97
2025-11-09,SKU009,55,78.0,52.0,63.0,62.0,61.17
2025-11-09,SKU010,91,120.0,86.0,96.0,98.25,101.24
2025-11-09,SKU011,19,19.0,18.0,11.0,16.75,19.57
2025-11-09,SKU012,155,151.0,141.0,128.0,143.75,147.41
2025-11-09,SKU013,84,79.0,69.0,61.0,73.25,76.27
2025-11-09,SKU014,117,127.0,133.0,120.0,124.25,120.3
2025-11-09,SKU015,13,17.0,21.0,21.0,18.0,15.27
2025-11-09,SKU016,92,109.0,73.0,86.0,90.0,92.77
2025-11-09,SKU017,103,83.0,61.0,84.0,82.75,90.83
2025-11-09,SKU018,157,166.0,135.0,141.0,149.75,153.07
2025-11-09,SKU019,103,91.0,84.0,96.0,93.5,100.32
2025-11-09,SKU020,78,101.0,88.0,74.0,85.25,79.04
2025-11-09,SKU021,46,58.0,44.0,65.0,53.25,49.38
2025-11-09,SKU022,44,62.0,51.0,58.0,53.75,51.53
2025-11-09,SKU023,91,84.0,91.0,74.0,85.0,87.72
2025-11-09,SKU024,82,83.0,82.0,75.0,80.5,80.45
2025-11-09,SKU025,18,20.0,17.0,17.0,18.0,18.9
2025-11-09,SKU026,127,141.0,124.0,138.0,132.5,129.06
2025-11-09,SKU027,147,136.0,130.0,127.0,135.0,144.74
2025-11-09,SKU028,30,31.0,30.0,32.0,30.75,31.36
2025-11-09,SKU029,88,104.0,98.0,85.0,93.75,89.32
2025-11-09,SKU030,25,28.0,27.0,32.0,28.0,27.57
2025-11-09,SKU031,109,110.0,114.0,120.0,113.25,110.96
2025-11-09,SKU032,61,67.0,52.0,48.0,57.0,55.47
2025-11-09,SKU033,119,95.0,95.0,100.0,102.25,114.76
2025-11-09,SKU034,129,122.0,101.0,115.0,116.75,122.59
2025-11-09,SKU035,113,117.0,135.0,129.0,123.5,117.41
2025-11-09,SKU036,27,29.0,34.0,19.0,27.25,24.61
2025-11-09,SKU037,171,154.0,139.0,147.0,152.75,164.67
2025-11-09,SKU038,50,37.0,44.0,44.0,43.75,45.05
2025-11-09,SKU039,18,18.0,19.0,16.0,17.75,17.1
2025-11-09,SKU040,89,103.0,91.0,81.0,91.0,91.21
2025-11-09,SKU041,79,67.0,52.0,62.0,65.0,71.42
2025-11-09,SKU042,141,134.0,117.0,138.0,132.5,134.82
2025-11-09,SKU043,148,147.0,117.0,123.0,133.75,145.39
2025-11-09,SKU044,58,60.0,53.0,56.0,56.75,57.62
2025-11-09,SKU045,154,143.0,143.0,120.0,140.0,151.06
2025-11-09,SKU046,49,64.0,50.0,40.0,50.75,51.1
2025-11-09,SKU047,102,101.0,75.0,76.0,88.5,93.81
2025-11-09,SKU048,63,61.0,31.0,59.0,53.5,53.08
2025-11-09,SKU049,152,150.0,138.0,152.0,148.0,148.38
2025-11-09,SKU050,46,32.0,31.0,31.0,35.0,40.8
2025-11-16,SKU001,87,92.0,93.0,78.0,87.5,86.7
2025-11-16,SKU002,60,72.0,70.0,51.0,63.25,65.98
2025-11-16,SKU003,37,39.0,41.0,34.0,37.75,39.42
2025-11-16,SKU004,31,27.0,32.0,24.0,28.5,27.32
2025-11-16,SKU005,102,114.0,104.0,98.0,104.5,104.07
2025-11-16,SKU006,31,39.0,36.0,34.0,35.0,35.12
2025-11-16,SKU007,131,142.0,152.0,131.0,139.0,136.71
2025-11-16,SKU008,94,112.0,100.0,81.0,96.75,101.5
2025-11-16,SKU009,62,55.0,78.0,52.0,61.75,62.55
2025-11-16,SKU010,105,91.0,120.0,86.0,100.5,103.58
2025-11-16,SKU011,25,19.0,19.0,18.0,20.25,24.26
2025-11-16,SKU012,163,155.0,151.0,141.0,152.5,160.94
2025-11-16,SKU013,89,84.0,79.0,69.0,80.25,83.05
2025-11-16,SKU014,130,117.0,127.0,133.0,126.75,127.12
2025-11-16,SKU015,24,13.0,17.0,21.0,18.75,19.94
2025-11-16,SKU016,95,92.0,109.0,73.0,92.25,96.46
2025-11-16,SKU017,88,103.0,83.0,61.0,83.75,81.64
2025-11-16,SKU018,142,157.0,166.0,135.0,150.0,144.62
2025-11-16,SKU019,112,103.0,91.0,84.0,97.5,107.3
2025-11-16,SKU020,92,78.0,101.0,88.0,89.75,91.96
2025-11-16,SKU021,45,46.0,58.0,44.0,48.25,49.31
2025-11-16,SKU022,78,44.0,62.0,51.0,58.75,64.82
2025-11-16,SKU023,88,91.0,84.0,91.0,88.5,86.73
2025-11-16,SKU024,82,82.0,83.0,82.0,82.25,83.18
2025-11-16,SKU025,18,18.0,20.0,17.0,18.25,16.83
2025-11-16,SKU026,130,127.0,141.0,124.0,130.5,131.92
2025-11-16,SKU027,149,147.0,136.0,130.0,140.5,147.46
2025-11-16,SKU028,40,30.0,31.0,30.0,32.75,36.82
2025-11-16,SKU029,98,88.0,104.0,98.0,97.0,96.35
2025-11-16,SKU030,34,25.0,28.0,27.0,28.5,29.67
2025-11-16,SKU031,131,109.0,110.0,114.0,116.0,125.06
2025-11-16,SKU032,54,61.0,67.0,52.0,58.5,55.35
2025-11-16,SKU033,116,119.0,95.0,95.0,106.25,109.86
2025-11-16,SKU034,118,129.0,122.0,101.0,117.5,122.77
2025-11-16,SKU035,124,113.0,117.0,135.0,122.25,121.64
2025-11-16,SKU036,30,27.0,29.0,34.0,30.0,29.22
2025-11-16,SKU037,150,171.0,154.0,139.0,153.5,156.89
2025-11-16,SKU038,48,50.0,37.0,44.0,44.75,47.19
2025-11-16,SKU039,24,18.0,18.0,19.0,19.75,23.51
2025-11-16,SKU040,98,89.0,103.0,91.0,95.25,95.71
2025-11-16,SKU041,65,79.0,67.0,52.0,65.75,67.28
2025-11-16,SKU042,132,141.0,134.0,117.0,131.0,134.1
2025-11-16,SKU043,145,148.0,147.0,117.0,139.25,139.97
2025-11-16,SKU044,53,58.0,60.0,53.0,56.0,54.88
2025-11-16,SKU045,150,154.0,143.0,143.0,147.5,151.49
2025-11-16,SKU046,56,49.0,64.0,50.0,54.75,55.82
2025-11-16,SKU047,101,102.0,101.0,75.0,94.75,97.53
2025-11-16,SKU048,47,63.0,61.0,31.0,50.5,48.32
2025-11-16,SKU049,160,152.0,150.0,138.0,150.0,156.83
2025-11-16,SKU050,40,46.0,32.0,31.0,37.25,37.58
2025-11-23,SKU001,84,87.0,92.0,93.0,89.0,86.75
2025-11-23,SKU002,64,60.0,72.0,70.0,66.5,64.2
2025-11-23,SKU003,41,37.0,39.0,41.0,39.5,36.9
2025-11-23,SKU004,28,31.0,27.0,32.0,29.5,28.66
2025-11-23,SKU005,115,102.0,114.0,104.0,108.75,114.99
2025-11-23,SKU006,45,31.0,39.0,36.0,37.75,42.33
2025-11-23,SKU007,157,131.0,142.0,152.0,145.5,148.59
2025-11-23,SKU008,91,94.0,112.0,100.0,99.25,92.71
2025-11-23,SKU009,63,62.0,55.0,78.0,64.5,63.74
2025-11-23,SKU010,102,105.0,91.0,120.0,104.5,104.06
2025-11-23,SKU011,9,25.0,19.0,19.0,18.0,13.43
2025-11-23,SKU012,155,163.0,155.0,151.0,156.0,154.73
2025-11-23,SKU013,80,89.0,84.0,79.0,83.0,81.3
2025-11-23,SKU014,130,130.0,117.0,127.0,126.0,129.41
2025-11-23,SKU015,24,24.0,13.0,17.0,19.5,23.18
2025-11-23,SKU016,75,95.0,92.0,109.0,92.75,86.35
2025-11-23,SKU017,87,88.0,103.0,83.0,90.25,89.93
2025-11-23,SKU018,150,142.0,157.0,166.0,153.75,151.11
2025-11-23,SKU019,110,112.0,103.0,91.0,104.0,108.38
2025-11-23,SKU020,81,92.0,78.0,101.0,88.0,85.8
2025-11-23,SKU021,43,45.0,46.0,58.0,48.0,46.08
2025-11-23,SKU022,53,78.0,44.0,62.0,59.25,54.18
2025-11-23,SKU023,88,88.0,91.0,84.0,87.75,89.02
2025-11-23,SKU024,80,82.0,82.0,83.0,81.75,82.27
2025-11-23,SKU025,12,18.0,18.0,20.0,17.0,15.37
2025-11-23,SKU026,128,130.0,127.0,141.0,131.5,133.32
2025-11-23,SKU027,163,149.0,147.0,136.0,148.75,158.95
2025-11-23,SKU028,39,40.0,30.0,31.0,35.0,36.76
2025-11-23,SKU029,97,98.0,88.0,104.0,96.75,96.65
2025-11-23,SKU030,33,34.0,25.0,28.0,30.0,31.09
2025-11-23,SKU031,113,131.0,109.0,110.0,115.75,110.76
2025-11-23,SKU032,70,54.0,61.0,67.0,63.0,66.16
2025-11-23,SKU033,120,116.0,119.0,95.0,112.5,117.2
2025-11-23,SKU034,133,118.0,129.0,122.0,125.5,128.48
2025-11-23,SKU035,133,124.0,113.0,117.0,121.75,127.22
2025-11-23,SKU036,35,30.0,27.0,29.0,30.25,31.84
2025-11-23,SKU037,166,150.0,171.0,154.0,160.25,165.23
2025-11-23,SKU038,61,48.0,50.0,37.0,49.0,53.7
2025-11-23,SKU039,18,24.0,18.0,18.0,19.5,19.32
2025-11-23,SKU040,86,98.0,89.0,103.0,94.0,86.79
2025-11-23,SKU041,52,65.0,79.0,67.0,65.75,60.93
2025-11-23,SKU042,124,132.0,141.0,134.0,132.75,127.64
2025-11-23,SKU043,144,145.0,148.0,147.0,146.0,145.26
2025-11-23,SKU044,46,53.0,58.0,60.0,54.25,51.3
2025-11-23,SKU045,155,150.0,154.0,143.0,150.5,155.62
2025-11-23,SKU046,53,56.0,49.0,64.0,55.5,54.19
2025-11-23,SKU047,81,101.0,102.0,101.0,96.25,86.67
2025-11-23,SKU048,63,47.0,63.0,61.0,58.5,59.2
2025-11-23,SKU049,139,160.0,152.0,150.0,150.25,142.44
2025-11-23,SKU050,41,40.0,46.0,32.0,39.75,38.61
2025-11-30,SKU001,84,84.0,87.0,92.0,86.75,82.52
2025-11-30,SKU002,66,64.0,60.0,72.0,65.5,65.22
2025-11-30,SKU003,29,41.0,37.0,39.0,36.5,32.8
2025-11-30,SKU004,22,28.0,31.0,27.0,27.0,22.75
2025-11-30,SKU005,100,115.0,102.0,114.0,107.75,106.76
2025-11-30,SKU006,40,45.0,31.0,39.0,38.75,40.82
2025-11-30,SKU007,181,157.0,131.0,142.0,152.75,166.1
2025-11-30,SKU008,117,91.0,94.0,112.0,103.5,108.37
2025-11-30,SKU009,66,63.0,62.0,55.0,61.5,59.13
2025-11-30,SKU010,104,102.0,105.0,91.0,100.5,101.0
2025-11-30,SKU011,15,9.0,25.0,19.0,17.0,14.54
2025-11-30,SKU012,161,155.0,163.0,155.0,158.5,161.94
2025-11-30,SKU013,95,80.0,89.0,84.0,87.0,91.4
2025-11-30,SKU014,151,130.0,130.0,117.0,132.0,145.48
2025-11-30,SKU015,31,24.0,24.0,13.0,23.0,23.64
2025-11-30,SKU016,71,75.0,95.0,92.0,83.25,77.68
2025-11-30,SKU017,90,87.0,88.0,103.0,92.0,89.77
2025-11-30,SKU018,152,150.0,142.0,157.0,150.25,154.05
2025-11-30,SKU019,88,110.0,112.0,103.0,103.25,90.87
2025-11-30,SKU020,97,81.0,92.0,78.0,87.0,95.24
2025-11-30,SKU021,47,43.0,45.0,46.0,45.25,48.1
2025-11-30,SKU022,69,53.0,78.0,44.0,61.0,63.47
2025-11-30,SKU023,90,88.0,88.0,91.0,89.25,87.71
2025-11-30,SKU024,76,80.0,82.0,82.0,80.0,80.68
2025-11-30,SKU025,9,12.0,18.0,18.0,14.25,13.5
2025-11-30,SKU026,126,128.0,130.0,127.0,127.75,128.88
2025-11-30,SKU027,162,163.0,149.0,147.0,155.25,160.08
2025-11-30,SKU028,34,39.0,40.0,30.0,35.75,35.96
2025-11-30,SKU029,96,97.0,98.0,88.0,94.75,93.72
2025-11-30,SKU030,26,33.0,34.0,25.0,29.5,28.55
2025-11-30,SKU031,104,113.0,131.0,109.0,114.25,107.49
2025-11-30,SKU032,50,70.0,54.0,61.0,58.75,53.48
2025-11-30,SKU033,121,120.0,116.0,119.0,119.0,122.04
2025-11-30,SKU034,130,133.0,118.0,129.0,127.5,128.43
2025-11-30,SKU035,131,133.0,124.0,113.0,125.25,129.31
2025-11-30,SKU036,31,35.0,30.0,27.0,30.75,31.66
2025-11-30,SKU037,144,166.0,150.0,171.0,157.75,152.83
2025-11-30,SKU038,61,61.0,48.0,50.0,55.0,59.42
2025-11-30,SKU039,13,18.0,24.0,18.0,18.25,16.18
2025-11-30,SKU040,76,86.0,98.0,89.0,87.25,75.93
2025-11-30,SKU041,83,52.0,65.0,79.0,69.75,74.93
2025-11-30,SKU042,142,124.0,132.0,141.0,134.75,140.28
2025-11-30,SKU043,113,144.0,145.0,148.0,137.5,127.09
2025-11-30,SKU044,57,46.0,53.0,58.0,53.5,52.97
2025-11-30,SKU045,164,155.0,150.0,154.0,155.75,159.21
2025-11-30,SKU046,52,53.0,56.0,49.0,52.5,50.11
2025-11-30,SKU047,90,81.0,101.0,102.0,93.5,89.0
2025-11-30,SKU048,36,63.0,47.0,63.0,52.25,48.4
2025-11-30,SKU049,159,139.0,160.0,152.0,152.5,155.28
2025-11-30,SKU050,30,41.0,40.0,46.0,39.25,33.25
2025-12-07,SKU001,88,84.0,84.0,87.0,85.75,84.39
2025-12-07,SKU002,51,66.0,64.0,60.0,60.25,55.86
2025-12-07,SKU003,38,29.0,41.0,37.0,36.25,37.74
2025-12-07,SKU004,28,22.0,28.0,31.0,27.25,26.22
2025-12-07,SKU005,96,100.0,115.0,102.0,103.25,95.97
2025-12-07,SKU006,37,40.0,45.0,31.0,38.25,39.76
2025-12-07,SKU007,145,181.0,157.0,131.0,153.5,154.08
2025-12-07,SKU008,97,117.0,91.0,94.0,99.75,102.2
2025-12-07,SKU009,77,66.0,63.0,62.0,67.0,73.87
2025-12-07,SKU010,126,104.0,102.0,105.0,109.25,120.31
2025-12-07,SKU011,17,15.0,9.0,25.0,16.5,16.2
2025-12-07,SKU012,167,161.0,155.0,163.0,161.5,162.29
2025-12-07,SKU013,78,95.0,80.0,89.0,85.5,82.4
2025-12-07,SKU014,124,151.0,130.0,130.0,133.75,130.64
2025-12-07,SKU015,22,31.0,24.0,24.0,25.25,25.22
2025-12-07,SKU016,77,71.0,75.0,95.0,79.5,77.17
2025-12-07,SKU017,105,90.0,87.0,88.0,92.5,98.59
2025-12-07,SKU018,158,152.0,150.0,142.0,150.5,155.9
2025-12-07,SKU019,103,88.0,110.0,112.0,103.25,97.27
2025-12-07,SKU020,85,97.0,81.0,92.0,88.75,81.95
2025-12-07,SKU021,52,47.0,43.0,45.0,46.75,51.66
2025-12-07,SKU022,70,69.0,53.0,78.0,67.5,65.82
2025-12-07,SKU023,97,90.0,88.0,88.0,90.75,95.84
2025-12-07,SKU024,93,76.0,80.0,82.0,82.75,91.43
2025-12-07,SKU025,18,9.0,12.0,18.0,14.25,14.79
2025-12-07,SKU026,157,126.0,128.0,130.0,135.25,146.73
2025-12-07,SKU027,153,162.0,163.0,149.0,156.75,156.5
2025-12-07,SKU028,40,34.0,39.0,40.0,38.25,37.92
2025-12-07,SKU029,87,96.0,97.0,98.0,94.5,90.8
2025-12-07,SKU030,25,26.0,33.0,34.0,29.5,26.53
2025-12-07,SKU031,96,104.0,113.0,131.0,111.0,103.28
2025-12-07,SKU032,60,50.0,70.0,54.0,58.5,57.6
2025-12-07,SKU033,117,121.0,120.0,116.0,118.5,117.51
2025-12-07,SKU034,147,130.0,133.0,118.0,132.0,140.65
2025-12-07,SKU035,128,131.0,133.0,124.0,129.0,131.82
2025-12-07,SKU036,27,31.0,35.0,30.0,30.75,30.47
2025-12-07,SKU037,155,144.0,166.0,150.0,153.75,159.96
2025-12-07,SKU038,39,61.0,61.0,48.0,52.25,45.74
2025-12-07,SKU039,23,13.0,18.0,24.0,19.5,20.13
2025-12-07,SKU040,103,76.0,86.0,98.0,90.75,94.1
2025-12-07,SKU041,78,83.0,52.0,65.0,69.5,72.63
2025-12-07,SKU042,156,142.0,124.0,132.0,138.5,152.69
2025-12-07,SKU043,127,113.0,144.0,145.0,132.25,124.92
2025-12-07,SKU044,52,57.0,46.0,53.0,52.0,53.64
2025-12-07,SKU045,166,164.0,155.0,150.0,158.75,163.02
2025-12-07,SKU046,56,52.0,53.0,56.0,54.25,58.32
2025-12-07,SKU047,108,90.0,81.0,101.0,95.0,99.54
2025-12-07,SKU048,57,36.0,63.0,47.0,50.75,48.16
2025-12-07,SKU049,167,159.0,139.0,160.0,156.25,161.06
2025-12-07,SKU050,40,30.0,41.0,40.0,37.75,37.24
2025-12-14,SKU001,89,88.0,84.0,84.0,86.25,85.87
2025-12-14,SKU002,55,51.0,66.0,64.0,59.0,60.03
2025-12-14,SKU003,33,38.0,29.0,41.0,35.25,35.28
2025-12-14,SKU004,39,28.0,22.0,28.0,29.25,32.79
2025-12-14,SKU005,103,96.0,100.0,115.0,103.5,101.96
2025-12-14,SKU006,41,37.0,40.0,45.0,40.75,41.1
2025-12-14,SKU007,154,145.0,181.0,157.0,159.25,158.18
2025-12-14,SKU008,112,97.0,117.0,91.0,104.25,109.87
2025-12-14,SKU009,82,77.0,66.0,63.0,72.0,76.17
2025-12-14,SKU010,108,126.0,104.0,102.0,110.0,111.87
2025-12-14,SKU011,23,17.0,15.0,9.0,16.0,17.45
2025-12-14,SKU012,155,167.0,161.0,155.0,159.5,157.42
2025-12-14,SKU013,107,78.0,95.0,80.0,90.0,101.01
2025-12-14,SKU014,137,124.0,151.0,130.0,135.5,130.68
2025-12-14,SKU015,31,22.0,31.0,24.0,27.0,24.92
2025-12-14,SKU016,78,77.0,71.0,75.0,75.25,78.51
2025-12-14,SKU017,96,105.0,90.0,87.0,94.5,95.65
2025-12-14,SKU018,162,158.0,152.0,150.0,155.5,161.37
2025-12-14,SKU019,96,103.0,88.0,110.0,99.25,98.6
2025-12-14,SKU020,82,85.0,97.0,81.0,86.25,84.81
2025-12-14,SKU021,59,52.0,47.0,43.0,50.25,53.87
2025-12-14,SKU022,60,70.0,69.0,53.0,63.0,65.2
2025-12-14,SKU023,98,97.0,90.0,88.0,93.25,96.77
2025-12-14,SKU024,72,93.0,76.0,80.0,80.25,74.81
2025-12-14,SKU025,13,18.0,9.0,12.0,13.0,13.56
2025-12-14,SKU026,128,157.0,126.0,128.0,134.75,135.57
2025-12-14,SKU027,161,153.0,162.0,163.0,159.75,157.85
2025-12-14,SKU028,25,40.0,34.0,39.0,34.5,30.22
2025-12-14,SKU029,115,87.0,96.0,97.0,98.75,108.48
2025-12-14,SKU030,35,25.0,26.0,33.0,29.75,32.1
2025-12-14,SKU031,104,96.0,104.0,113.0,104.25,105.48
2025-12-14,SKU032,56,60.0,50.0,70.0,59.0,56.13
2025-12-14,SKU033,109,117.0,121.0,120.0,116.75,106.07
2025-12-14,SKU034,118,147.0,130.0,133.0,132.0,125.43
2025-12-14,SKU035,128,128.0,131.0,133.0,130.0,130.14
2025-12-14,SKU036,31,27.0,31.0,35.0,31.0,30.83
2025-12-14,SKU037,133,155.0,144.0,166.0,149.5,136.37
2025-12-14,SKU038,49,39.0,61.0,61.0,52.5,46.71
2025-12-14,SKU039,15,23.0,13.0,18.0,17.25,17.66
2025-12-14,SKU040,101,103.0,76.0,86.0,91.5,93.7
2025-12-14,SKU041,66,78.0,83.0,52.0,69.75,66.49
2025-12-14,SKU042,125,156.0,142.0,124.0,136.75,129.0
2025-12-14,SKU043,142,127.0,113.0,144.0,131.5,132.91
2025-12-14,SKU044,57,52.0,57.0,46.0,53.0,53.09
2025-12-14,SKU045,152,166.0,164.0,155.0,159.25,159.08
2025-12-14,SKU046,66,56.0,52.0,53.0,56.75,64.49
2025-12-14,SKU047,86,108.0,90.0,81.0,91.25,91.48
2025-12-14,SKU048,55,57.0,36.0,63.0,52.75,51.74
2025-12-14,SKU049,171,167.0,159.0,139.0,159.0,162.15
2025-12-14,SKU050,34,40.0,30.0,41.0,36.25,36.77
2025-12-21,SKU001,91,89.0,88.0,84.0,88.0,89.22
2025-12-21,SKU002,55,55.0,51.0,66.0,56.75,54.51
2025-12-21,SKU003,23,33.0,38.0,29.0,30.75,26.98
2025-12-21,SKU004,38,39.0,28.0,22.0,31.75,36.21
2025-12-21,SKU005,100,103.0,96.0,100.0,99.75,98.27
2025-12-21,SKU006,41,41.0,37.0,40.0,39.75,37.92
2025-12-21,SKU007,149,154.0,145.0,181.0,157.25,146.61
2025-12-21,SKU008,100,112.0,97.0,117.0,106.5,105.88
2025-12-21,SKU009,69,82.0,77.0,66.0,73.5,70.28
2025-12-21,SKU010,102,108.0,126.0,104.0,110.0,100.85
2025-12-21,SKU011,18,23.0,17.0,15.0,18.25,18.01
2025-12-21,SKU012,171,155.0,167.0,161.0,163.5,169.27
2025-12-21,SKU013,96,107.0,78.0,95.0,94.0,99.8
2025-12-21,SKU014,116,137.0,124.0,151.0,132.0,119.3
2025-12-21,SKU015,21,31.0,22.0,31.0,26.25,24.96
2025-12-21,SKU016,74,78.0,77.0,71.0,75.0,73.6
2025-12-21,SKU017,81,96.0,105.0,90.0,93.0,87.08
2025-12-21,SKU018,160,162.0,158.0,152.0,158.0,161.56
2025-12-21,SKU019,107,96.0,103.0,88.0,98.5,101.07
2025-12-21,SKU020,74,82.0,85.0,97.0,84.5,78.59
2025-12-21,SKU021,47,59.0,52.0,47.0,51.25,47.62
2025-12-21,SKU022,62,60.0,70.0,69.0,65.25,64.38
2025-12-21,SKU023,96,98.0,97.0,90.0,95.25,98.06
2025-12-21,SKU024,85,72.0,93.0,76.0,81.5,85.25
2025-12-21,SKU025,14,13.0,18.0,9.0,13.5,14.29
2025-12-21,SKU026,156,128.0,157.0,126.0,141.75,149.4
2025-12-21,SKU027,182,161.0,153.0,162.0,164.5,172.78
2025-12-21,SKU028,22,25.0,40.0,34.0,30.25,28.43
2025-12-21,SKU029,104,115.0,87.0,96.0,100.5,103.54
2025-12-21,SKU030,26,35.0,25.0,26.0,28.0,27.39
2025-12-21,SKU031,132,104.0,96.0,104.0,109.0,122.33
2025-12-21,SKU032,68,56.0,60.0,50.0,58.5,63.52
2025-12-21,SKU033,116,109.0,117.0,121.0,115.75,116.52
2025-12-21,SKU034,119,118.0,147.0,130.0,128.5,123.3
2025-12-21,SKU035,127,128.0,128.0,131.0,128.5,125.14
2025-12-21,SKU036,36,31.0,27.0,31.0,31.25,35.61
2025-12-21,SKU037,139,133.0,155.0,144.0,142.75,142.17
2025-12-21,SKU038,49,49.0,39.0,61.0,49.5,52.25
2025-12-21,SKU039,12,15.0,23.0,13.0,15.75,16.67
2025-12-21,SKU040,93,101.0,103.0,76.0,93.25,94.95
2025-12-21,SKU041,71,66.0,78.0,83.0,74.5,73.64
2025-12-21,SKU042,173,125.0,156.0,142.0,149.0,157.66
2025-12-21,SKU043,132,142.0,127.0,113.0,128.5,131.17
2025-12-21,SKU044,61,57.0,52.0,57.0,56.75,58.23
2025-12-21,SKU045,123,152.0,166.0,164.0,151.25,129.44
2025-12-21,SKU046,57,66.0,56.0,52.0,57.75,53.97
2025-12-21,SKU047,100,86.0,108.0,90.0,96.0,94.93
2025-12-21,SKU048,58,55.0,57.0,36.0,51.5,53.51
2025-12-21,SKU049,147,171.0,167.0,159.0,161.0,158.24
2025-12-21,SKU050,34,34.0,40.0,30.0,34.5,35.1
2025-12-28,SKU001,76,91.0,89.0,88.0,86.0,79.09
2025-12-28,SKU002,51,55.0,55.0,51.0,53.0,51.81
2025-12-28,SKU003,34,23.0,33.0,38.0,32.0,32.61
2025-12-28,SKU004,30,38.0,39.0,28.0,33.75,30.12
2025-12-28,SKU005,108,100.0,103.0,96.0,101.75,107.52
2025-12-28,SKU006,43,41.0,41.0,37.0,40.5,44.18
2025-12-28,SKU007,161,149.0,154.0,145.0,152.25,159.07
2025-12-28,SKU008,105,100.0,112.0,97.0,103.5,105.37
2025-12-28,SKU009,77,69.0,82.0,77.0,76.25,75.4
2025-12-28,SKU010,102,102.0,108.0,126.0,109.5,107.03
2025-12-28,SKU011,22,18.0,23.0,17.0,20.0,20.48
2025-12-28,SKU012,150,171.0,155.0,167.0,160.75,154.81
2025-12-28,SKU013,71,96.0,107.0,78.0,88.0,82.22
2025-12-28,SKU014,122,116.0,137.0,124.0,124.75,122.61
2025-12-28,SKU015,27,21.0,31.0,22.0,25.25,24.02
2025-12-28,SKU016,104,74.0,78.0,77.0,83.25,96.32
2025-12-28,SKU017,98,81.0,96.0,105.0,95.0,92.57
2025-12-28,SKU018,161,160.0,162.0,158.0,160.25,166.52
2025-12-28,SKU019,104,107.0,96.0,103.0,102.5,101.5
2025-12-28,SKU020,99,74.0,82.0,85.0,85.0,91.28
2025-12-28,SKU021,50,47.0,59.0,52.0,52.0,48.45
2025-12-28,SKU022,84,62.0,60.0,70.0,69.0,76.4
2025-12-28,SKU023,99,96.0,98.0,97.0,97.5,99.93
2025-12-28,SKU024,71,85.0,72.0,93.0,80.25,76.78
2025-12-28,SKU025,16,14.0,13.0,18.0,15.25,16.1
2025-12-28,SKU026,135,156.0,128.0,157.0,144.0,146.55
2025-12-28,SKU027,144,182.0,161.0,153.0,160.0,156.88
2025-12-28,SKU028,31,22.0,25.0,40.0,29.5,30.24
2025-12-28,SKU029,97,104.0,115.0,87.0,100.75,98.25
2025-12-28,SKU030,28,26.0,35.0,25.0,28.5,26.4
2025-12-28,SKU031,97,132.0,104.0,96.0,107.25,108.93
2025-12-28,SKU032,51,68.0,56.0,60.0,58.75,52.91
2025-12-28,SKU033,96,116.0,109.0,117.0,109.5,102.62
2025-12-28,SKU034,124,119.0,118.0,147.0,127.0,126.25
2025-12-28,SKU035,148,127.0,128.0,128.0,132.75,142.27
2025-12-28,SKU036,30,36.0,31.0,27.0,31.0,31.1
2025-12-28,SKU037,161,139.0,133.0,155.0,147.0,153.98
2025-12-28,SKU038,56,49.0,49.0,39.0,48.25,52.84
2025-12-28,SKU039,21,12.0,15.0,23.0,17.75,17.72
2025-12-28,SKU040,76,93.0,101.0,103.0,93.25,85.9
2025-12-28,SKU041,70,71.0,66.0,78.0,71.25,69.33
2025-12-28,SKU042,148,173.0,125.0,156.0,150.5,149.71
2025-12-28,SKU043,126,132.0,142.0,127.0,131.75,127.42
2025-12-28,SKU044,61,61.0,57.0,52.0,57.75,60.49
2025-12-28,SKU045,157,123.0,152.0,166.0,149.5,143.56
2025-12-28,SKU046,58,57.0,66.0,56.0,59.25,58.39
2025-12-28,SKU047,88,100.0,86.0,108.0,95.5,86.24
2025-12-28,SKU048,40,58.0,55.0,57.0,52.5,46.27
2025-12-28,SKU049,166,147.0,171.0,167.0,162.75,164.47
2025-12-28,SKU050,49,34.0,34.0,40.0,39.25,41.94
2026-01-04,SKU001,37,76.0,91.0,89.0,73.25,59.64
2026-01-04,SKU002,27,51.0,55.0,55.0,47.0,40.35
2026-01-04,SKU003,17,34.0,23.0,33.0,26.75,22.55
2026-01-04,SKU004,6,30.0,38.0,39.0,28.25,21.95
2026-01-04,SKU005,50,108.0,100.0,103.0,90.25,77.99
2026-01-04,SKU006,20,43.0,41.0,41.0,36.25,28.42
2026-01-04,SKU007,68,161.0,149.0,154.0,133.0,106.82
2026-01-04,SKU008,36,105.0,100.0,112.0,88.25,69.34
2026-01-04,SKU009,21,77.0,69.0,82.0,62.25,52.1
2026-01-04,SKU010,47,102.0,102.0,108.0,89.75,73.32
2026-01-04,SKU011,3,22.0,18.0,23.0,16.5,11.51
2026-01-04,SKU012,71,150.0,171.0,155.0,136.75,117.46
2026-01-04,SKU013,27,71.0,96.0,107.0,75.25,61.45
2026-01-04,SKU014,51,122.0,116.0,137.0,106.5,90.79
2026-01-04,SKU015,7,27.0,21.0,31.0,21.5,16.89
2026-01-04,SKU016,37,104.0,74.0,78.0,73.25,64.57
2026-01-04,SKU017,37,98.0,81.0,96.0,78.0,67.87
2026-01-04,SKU018,58,161.0,160.0,162.0,135.25,114.18
2026-01-04,SKU019,40,104.0,107.0,96.0,86.75,70.03
2026-01-04,SKU020,43,99.0,74.0,82.0,74.5,62.16
2026-01-04,SKU021,19,50.0,47.0,59.0,43.75,37.29
2026-01-04,SKU022,17,84.0,62.0,60.0,55.75,43.01
2026-01-04,SKU023,39,99.0,96.0,98.0,83.0,67.09
2026-01-04,SKU024,27,71.0,85.0,72.0,63.75,54.05
2026-01-04,SKU025,7,16.0,14.0,13.0,12.5,11.6
2026-01-04,SKU026,55,135.0,156.0,128.0,118.5,97.65
2026-01-04,SKU027,67,144.0,182.0,161.0,138.5,123.33
2026-01-04,SKU028,14,31.0,22.0,25.0,23.0,19.54
2026-01-04,SKU029,35,97.0,104.0,115.0,87.75,70.17
2026-01-04,SKU030,14,28.0,26.0,35.0,25.75,21.48
2026-01-04,SKU031,50,97.0,132.0,104.0,95.75,81.4
2026-01-04,SKU032,26,51.0,68.0,56.0,50.25,42.02
2026-01-04,SKU033,42,96.0,116.0,109.0,90.75,73.42
2026-01-04,SKU034,42,124.0,119.0,118.0,100.75,80.54
2026-01-04,SKU035,40,148.0,127.0,128.0,110.75,89.64
2026-01-04,SKU036,9,30.0,36.0,31.0,26.5,20.56
2026-01-04,SKU037,59,161.0,139.0,133.0,123.0,107.57
2026-01-04,SKU038,31,56.0,49.0,49.0,46.25,35.88
2026-01-04,SKU039,12,21.0,12.0,15.0,15.0,15.38
2026-01-04,SKU040,32,76.0,93.0,101.0,75.5,62.03
2026-01-04,SKU041,25,70.0,71.0,66.0,58.0,47.41
2026-01-04,SKU042,57,148.0,173.0,125.0,125.75,111.97
2026-01-04,SKU043,75,126.0,132.0,142.0,118.75,97.13
2026-01-04,SKU044,19,61.0,61.0,57.0,49.5,40.22
2026-01-04,SKU045,59,157.0,123.0,152.0,122.75,106.02
2026-01-04,SKU046,17,58.0,57.0,66.0,49.5,41.58
2026-01-04,SKU047,41,88.0,100.0,86.0,78.75,65.49
2026-01-04,SKU048,21,40.0,58.0,55.0,43.5,38.13
2026-01-04,SKU049,47,166.0,147.0,171.0,132.75,106.97
2026-01-04,SKU050,27,49.0,34.0,34.0,36.0,32.39
